INSERT INTO DEPARTEMENT (id_departement, nom_dept, responsable) VALUES (1, 'Informatique', 'Lucie Marie');
INSERT INTO DEPARTEMENT (id_departement, nom_dept, responsable) VALUES (2, 'Mathématiques', 'André Traore');
INSERT INTO DEPARTEMENT (id_departement, nom_dept, responsable) VALUES (3, 'Physique', 'Robert Moulin');
INSERT INTO DEPARTEMENT (id_departement, nom_dept, responsable) VALUES (4, 'Chimie', 'Maurice Joly');
INSERT INTO DEPARTEMENT (id_departement, nom_dept, responsable) VALUES (5, 'Biologie', 'Nathalie Henry');
INSERT INTO DEPARTEMENT (id_departement, nom_dept, responsable) VALUES (6, 'Gestion', 'Margaret Traore');
INSERT INTO DEPARTEMENT (id_departement, nom_dept, responsable) VALUES (7, 'Économie', 'Émilie Fernandez');
INSERT INTO DEPARTEMENT (id_departement, nom_dept, responsable) VALUES (8, 'Droit', 'Jeanne Briand');
INSERT INTO DEPARTEMENT (id_departement, nom_dept, responsable) VALUES (9, 'Génie Civil', 'Arthur Martinez');
INSERT INTO DEPARTEMENT (id_departement, nom_dept, responsable) VALUES (10, 'Télécommunications', 'Éric Carpentier');
INSERT INTO FILIERE (id_filiere, nom_filiere, code_filiere, id_departement) VALUES (1, 'Génie Logiciel', 'GL', 1);
INSERT INTO FILIERE (id_filiere, nom_filiere, code_filiere, id_departement) VALUES (2, 'Data Science', 'DS', 1);
INSERT INTO FILIERE (id_filiere, nom_filiere, code_filiere, id_departement) VALUES (3, 'Intelligence Artificielle', 'IA', 1);
INSERT INTO FILIERE (id_filiere, nom_filiere, code_filiere, id_departement) VALUES (4, 'Cybersécurité', 'CYB', 1);
INSERT INTO FILIERE (id_filiere, nom_filiere, code_filiere, id_departement) VALUES (5, 'Mathématiques Appliquées', 'MA', 2);
INSERT INTO FILIERE (id_filiere, nom_filiere, code_filiere, id_departement) VALUES (6, 'Statistique', 'STAT', 2);
INSERT INTO FILIERE (id_filiere, nom_filiere, code_filiere, id_departement) VALUES (7, 'Physique Fondamentale', 'PF', 3);
INSERT INTO FILIERE (id_filiere, nom_filiere, code_filiere, id_departement) VALUES (8, 'Électronique', 'ELEC', 3);
INSERT INTO FILIERE (id_filiere, nom_filiere, code_filiere, id_departement) VALUES (9, 'Chimie Industrielle', 'CI', 4);
INSERT INTO FILIERE (id_filiere, nom_filiere, code_filiere, id_departement) VALUES (10, 'Biochimie', 'BIOC', 4);
INSERT INTO FILIERE (id_filiere, nom_filiere, code_filiere, id_departement) VALUES (11, 'Biotechnologie', 'BIOT', 5);
INSERT INTO FILIERE (id_filiere, nom_filiere, code_filiere, id_departement) VALUES (12, 'Microbiologie', 'MIC', 5);
INSERT INTO FILIERE (id_filiere, nom_filiere, code_filiere, id_departement) VALUES (13, 'Management', 'MGT', 6);
INSERT INTO FILIERE (id_filiere, nom_filiere, code_filiere, id_departement) VALUES (14, 'Finance', 'FIN', 6);
INSERT INTO FILIERE (id_filiere, nom_filiere, code_filiere, id_departement) VALUES (15, 'Économie Internationale', 'EI', 7);
INSERT INTO FILIERE (id_filiere, nom_filiere, code_filiere, id_departement) VALUES (16, 'Analyse Économique', 'AE', 7);
INSERT INTO FILIERE (id_filiere, nom_filiere, code_filiere, id_departement) VALUES (17, 'Droit Public', 'DP', 8);
INSERT INTO FILIERE (id_filiere, nom_filiere, code_filiere, id_departement) VALUES (18, 'Droit Privé', 'DPR', 8);
INSERT INTO FILIERE (id_filiere, nom_filiere, code_filiere, id_departement) VALUES (19, 'Génie Civil', 'GC', 9);
INSERT INTO FILIERE (id_filiere, nom_filiere, code_filiere, id_departement) VALUES (20, 'Réseaux & Télécoms', 'RT', 10);
INSERT INTO NIVEAU (id_niveau, nom_niveau, annee_universitaire) VALUES (1, 'Licence 1', '2025-2026');
INSERT INTO NIVEAU (id_niveau, nom_niveau, annee_universitaire) VALUES (2, 'Licence 2', '2025-2026');
INSERT INTO NIVEAU (id_niveau, nom_niveau, annee_universitaire) VALUES (3, 'Licence 3', '2025-2026');
INSERT INTO NIVEAU (id_niveau, nom_niveau, annee_universitaire) VALUES (4, 'Master 1', '2025-2026');
INSERT INTO NIVEAU (id_niveau, nom_niveau, annee_universitaire) VALUES (5, 'Master 2', '2025-2026');
INSERT INTO ENSEIGNANT (id_enseignant, nom, prenom, email, grade, date_embauche) VALUES (1, 'Rey', 'Corinne', 'enseignant1@universite.edu', 'Assistant', '2021-08-25');
INSERT INTO ENSEIGNANT (id_enseignant, nom, prenom, email, grade, date_embauche) VALUES (2, 'Michel', 'Gabrielle', 'enseignant2@universite.edu', 'Professeur', '2014-10-16');
INSERT INTO ENSEIGNANT (id_enseignant, nom, prenom, email, grade, date_embauche) VALUES (3, 'Auger', 'Manon', 'enseignant3@universite.edu', 'Professeur', '2023-05-04');
INSERT INTO ENSEIGNANT (id_enseignant, nom, prenom, email, grade, date_embauche) VALUES (4, 'Morvan', 'Astrid', 'enseignant4@universite.edu', 'Assistant', '2015-02-27');
INSERT INTO ENSEIGNANT (id_enseignant, nom, prenom, email, grade, date_embauche) VALUES (5, 'Pons', 'Jacqueline', 'enseignant5@universite.edu', 'Maître de conférences', '2016-02-21');
INSERT INTO ENSEIGNANT (id_enseignant, nom, prenom, email, grade, date_embauche) VALUES (6, 'Robert', 'Patricia', 'enseignant6@universite.edu', 'Professeur', '2025-02-12');
INSERT INTO ENSEIGNANT (id_enseignant, nom, prenom, email, grade, date_embauche) VALUES (7, 'Leroux', 'Marthe', 'enseignant7@universite.edu', 'Professeur', '2018-08-07');
INSERT INTO ENSEIGNANT (id_enseignant, nom, prenom, email, grade, date_embauche) VALUES (8, 'Leblanc', 'Roger', 'enseignant8@universite.edu', 'Professeur', '2014-01-20');
INSERT INTO ENSEIGNANT (id_enseignant, nom, prenom, email, grade, date_embauche) VALUES (9, 'Fabre', 'Paulette', 'enseignant9@universite.edu', 'Assistant', '2017-02-18');
INSERT INTO ENSEIGNANT (id_enseignant, nom, prenom, email, grade, date_embauche) VALUES (10, 'Henry', 'Éric', 'enseignant10@universite.edu', 'Professeur', '2017-11-14');
INSERT INTO ENSEIGNANT (id_enseignant, nom, prenom, email, grade, date_embauche) VALUES (11, 'Pereira', 'Agathe', 'enseignant11@universite.edu', 'Assistant', '2025-10-29');
INSERT INTO ENSEIGNANT (id_enseignant, nom, prenom, email, grade, date_embauche) VALUES (12, 'Barre', 'Josette', 'enseignant12@universite.edu', 'Assistant', '2015-11-28');
INSERT INTO ENSEIGNANT (id_enseignant, nom, prenom, email, grade, date_embauche) VALUES (13, 'Bertrand', 'Nathalie', 'enseignant13@universite.edu', 'Assistant', '2019-03-23');
INSERT INTO ENSEIGNANT (id_enseignant, nom, prenom, email, grade, date_embauche) VALUES (14, 'Regnier', 'Gérard', 'enseignant14@universite.edu', 'Professeur', '2017-11-06');
INSERT INTO ENSEIGNANT (id_enseignant, nom, prenom, email, grade, date_embauche) VALUES (15, 'Chevalier', 'Françoise', 'enseignant15@universite.edu', 'Assistant', '2016-05-24');
INSERT INTO ENSEIGNANT (id_enseignant, nom, prenom, email, grade, date_embauche) VALUES (16, 'Techer', 'Laure', 'enseignant16@universite.edu', 'Maître de conférences', '2026-01-25');
INSERT INTO ENSEIGNANT (id_enseignant, nom, prenom, email, grade, date_embauche) VALUES (17, 'Étienne', 'Hortense', 'enseignant17@universite.edu', 'Professeur', '2014-09-05');
INSERT INTO ENSEIGNANT (id_enseignant, nom, prenom, email, grade, date_embauche) VALUES (18, 'Fischer', 'Daniel', 'enseignant18@universite.edu', 'Professeur', '2012-03-09');
INSERT INTO ENSEIGNANT (id_enseignant, nom, prenom, email, grade, date_embauche) VALUES (19, 'Peltier', 'Michel', 'enseignant19@universite.edu', 'Professeur', '2024-07-23');
INSERT INTO ENSEIGNANT (id_enseignant, nom, prenom, email, grade, date_embauche) VALUES (20, 'Charpentier', 'Édouard', 'enseignant20@universite.edu', 'Professeur', '2025-12-16');
INSERT INTO ENSEIGNANT (id_enseignant, nom, prenom, email, grade, date_embauche) VALUES (21, 'Rey', 'Eugène', 'enseignant21@universite.edu', 'Professeur', '2017-11-16');
INSERT INTO ENSEIGNANT (id_enseignant, nom, prenom, email, grade, date_embauche) VALUES (22, 'Lopes', 'Cécile', 'enseignant22@universite.edu', 'Assistant', '2022-03-23');
INSERT INTO ENSEIGNANT (id_enseignant, nom, prenom, email, grade, date_embauche) VALUES (23, 'Marchal', 'Isaac', 'enseignant23@universite.edu', 'Assistant', '2017-09-15');
INSERT INTO ENSEIGNANT (id_enseignant, nom, prenom, email, grade, date_embauche) VALUES (24, 'Monnier', 'Marc', 'enseignant24@universite.edu', 'Professeur', '2022-10-23');
INSERT INTO ENSEIGNANT (id_enseignant, nom, prenom, email, grade, date_embauche) VALUES (25, 'Da Costa', 'Martine', 'enseignant25@universite.edu', 'Assistant', '2023-01-14');
INSERT INTO ENSEIGNANT (id_enseignant, nom, prenom, email, grade, date_embauche) VALUES (26, 'Jourdan', 'David', 'enseignant26@universite.edu', 'Professeur', '2021-10-09');
INSERT INTO ENSEIGNANT (id_enseignant, nom, prenom, email, grade, date_embauche) VALUES (27, 'Bousquet', 'Jean', 'enseignant27@universite.edu', 'Assistant', '2020-06-30');
INSERT INTO ENSEIGNANT (id_enseignant, nom, prenom, email, grade, date_embauche) VALUES (28, 'Chauveau', 'Patrick', 'enseignant28@universite.edu', 'Assistant', '2014-03-10');
INSERT INTO ENSEIGNANT (id_enseignant, nom, prenom, email, grade, date_embauche) VALUES (29, 'Pinto', 'Alex', 'enseignant29@universite.edu', 'Assistant', '2016-01-01');
INSERT INTO ENSEIGNANT (id_enseignant, nom, prenom, email, grade, date_embauche) VALUES (30, 'Riou', 'Marie', 'enseignant30@universite.edu', 'Assistant', '2020-11-18');
INSERT INTO ENSEIGNANT (id_enseignant, nom, prenom, email, grade, date_embauche) VALUES (31, 'Vasseur', 'Marianne', 'enseignant31@universite.edu', 'Maître de conférences', '2016-12-04');
INSERT INTO ENSEIGNANT (id_enseignant, nom, prenom, email, grade, date_embauche) VALUES (32, 'Lecoq', 'Philippine', 'enseignant32@universite.edu', 'Professeur', '2012-05-11');
INSERT INTO ENSEIGNANT (id_enseignant, nom, prenom, email, grade, date_embauche) VALUES (33, 'Rolland', 'Valentine', 'enseignant33@universite.edu', 'Maître de conférences', '2011-12-15');
INSERT INTO ENSEIGNANT (id_enseignant, nom, prenom, email, grade, date_embauche) VALUES (34, 'Gomes', 'Andrée', 'enseignant34@universite.edu', 'Assistant', '2015-12-18');
INSERT INTO ENSEIGNANT (id_enseignant, nom, prenom, email, grade, date_embauche) VALUES (35, 'François', 'Marcel', 'enseignant35@universite.edu', 'Maître de conférences', '2021-01-21');
INSERT INTO ENSEIGNANT (id_enseignant, nom, prenom, email, grade, date_embauche) VALUES (36, 'Wagner', 'Thomas', 'enseignant36@universite.edu', 'Professeur', '2015-01-10');
INSERT INTO ENSEIGNANT (id_enseignant, nom, prenom, email, grade, date_embauche) VALUES (37, 'Bègue', 'Colette', 'enseignant37@universite.edu', 'Professeur', '2018-02-20');
INSERT INTO ENSEIGNANT (id_enseignant, nom, prenom, email, grade, date_embauche) VALUES (38, 'Weiss', 'Céline', 'enseignant38@universite.edu', 'Assistant', '2013-11-02');
INSERT INTO ENSEIGNANT (id_enseignant, nom, prenom, email, grade, date_embauche) VALUES (39, 'Aubry', 'Guillaume', 'enseignant39@universite.edu', 'Maître de conférences', '2015-08-09');
INSERT INTO ENSEIGNANT (id_enseignant, nom, prenom, email, grade, date_embauche) VALUES (40, 'Vallet', 'Gabrielle', 'enseignant40@universite.edu', 'Maître de conférences', '2020-07-30');
INSERT INTO ENSEIGNANT (id_enseignant, nom, prenom, email, grade, date_embauche) VALUES (41, 'Charles', 'Océane', 'enseignant41@universite.edu', 'Maître de conférences', '2021-05-09');
INSERT INTO ENSEIGNANT (id_enseignant, nom, prenom, email, grade, date_embauche) VALUES (42, 'Gilbert', 'Isabelle', 'enseignant42@universite.edu', 'Professeur', '2018-03-15');
INSERT INTO ENSEIGNANT (id_enseignant, nom, prenom, email, grade, date_embauche) VALUES (43, 'Étienne', 'Matthieu', 'enseignant43@universite.edu', 'Professeur', '2013-10-05');
INSERT INTO ENSEIGNANT (id_enseignant, nom, prenom, email, grade, date_embauche) VALUES (44, 'Grégoire', 'Clémence', 'enseignant44@universite.edu', 'Maître de conférences', '2012-12-14');
INSERT INTO ENSEIGNANT (id_enseignant, nom, prenom, email, grade, date_embauche) VALUES (45, 'Faivre', 'Benoît', 'enseignant45@universite.edu', 'Professeur', '2026-01-21');
INSERT INTO ENSEIGNANT (id_enseignant, nom, prenom, email, grade, date_embauche) VALUES (46, 'Masson', 'Honoré', 'enseignant46@universite.edu', 'Professeur', '2022-01-30');
INSERT INTO ENSEIGNANT (id_enseignant, nom, prenom, email, grade, date_embauche) VALUES (47, 'Leroux', 'Sophie', 'enseignant47@universite.edu', 'Maître de conférences', '2022-12-26');
INSERT INTO ENSEIGNANT (id_enseignant, nom, prenom, email, grade, date_embauche) VALUES (48, 'Briand', 'Jeannine', 'enseignant48@universite.edu', 'Professeur', '2012-06-27');
INSERT INTO ENSEIGNANT (id_enseignant, nom, prenom, email, grade, date_embauche) VALUES (49, 'Collin', 'Alex', 'enseignant49@universite.edu', 'Maître de conférences', '2021-07-18');
INSERT INTO ENSEIGNANT (id_enseignant, nom, prenom, email, grade, date_embauche) VALUES (50, 'Bigot', 'Éléonore', 'enseignant50@universite.edu', 'Maître de conférences', '2015-09-08');
INSERT INTO ENSEIGNANT (id_enseignant, nom, prenom, email, grade, date_embauche) VALUES (51, 'Lenoir', 'Alain', 'enseignant51@universite.edu', 'Assistant', '2022-12-25');
INSERT INTO ENSEIGNANT (id_enseignant, nom, prenom, email, grade, date_embauche) VALUES (52, 'Mace', 'Gabriel', 'enseignant52@universite.edu', 'Maître de conférences', '2023-01-03');
INSERT INTO ENSEIGNANT (id_enseignant, nom, prenom, email, grade, date_embauche) VALUES (53, 'Regnier', 'Odette', 'enseignant53@universite.edu', 'Professeur', '2015-12-12');
INSERT INTO ENSEIGNANT (id_enseignant, nom, prenom, email, grade, date_embauche) VALUES (54, 'Lecoq', 'Lucy', 'enseignant54@universite.edu', 'Assistant', '2017-03-12');
INSERT INTO ENSEIGNANT (id_enseignant, nom, prenom, email, grade, date_embauche) VALUES (55, 'Marie', 'Théodore', 'enseignant55@universite.edu', 'Maître de conférences', '2018-10-21');
INSERT INTO ENSEIGNANT (id_enseignant, nom, prenom, email, grade, date_embauche) VALUES (56, 'Barbier', 'Cécile', 'enseignant56@universite.edu', 'Assistant', '2011-06-19');
INSERT INTO ENSEIGNANT (id_enseignant, nom, prenom, email, grade, date_embauche) VALUES (57, 'Mace', 'Michelle', 'enseignant57@universite.edu', 'Professeur', '2015-11-21');
INSERT INTO ENSEIGNANT (id_enseignant, nom, prenom, email, grade, date_embauche) VALUES (58, 'Charrier', 'Paulette', 'enseignant58@universite.edu', 'Maître de conférences', '2014-06-13');
INSERT INTO ENSEIGNANT (id_enseignant, nom, prenom, email, grade, date_embauche) VALUES (59, 'Guillou', 'Franck', 'enseignant59@universite.edu', 'Professeur', '2026-03-21');
INSERT INTO ENSEIGNANT (id_enseignant, nom, prenom, email, grade, date_embauche) VALUES (60, 'Toussaint', 'Théophile', 'enseignant60@universite.edu', 'Assistant', '2025-09-22');
INSERT INTO ENSEIGNANT (id_enseignant, nom, prenom, email, grade, date_embauche) VALUES (61, 'Riou', 'Corinne', 'enseignant61@universite.edu', 'Maître de conférences', '2021-10-08');
INSERT INTO ENSEIGNANT (id_enseignant, nom, prenom, email, grade, date_embauche) VALUES (62, 'Philippe', 'Honoré', 'enseignant62@universite.edu', 'Assistant', '2017-10-08');
INSERT INTO ENSEIGNANT (id_enseignant, nom, prenom, email, grade, date_embauche) VALUES (63, 'Ledoux', 'Isaac', 'enseignant63@universite.edu', 'Assistant', '2020-08-01');
INSERT INTO ENSEIGNANT (id_enseignant, nom, prenom, email, grade, date_embauche) VALUES (64, 'Merle', 'Éléonore', 'enseignant64@universite.edu', 'Maître de conférences', '2011-06-02');
INSERT INTO ENSEIGNANT (id_enseignant, nom, prenom, email, grade, date_embauche) VALUES (65, 'Joseph', 'Tristan', 'enseignant65@universite.edu', 'Assistant', '2019-09-21');
INSERT INTO ENSEIGNANT (id_enseignant, nom, prenom, email, grade, date_embauche) VALUES (66, 'Moreau', 'Frédéric', 'enseignant66@universite.edu', 'Professeur', '2017-08-01');
INSERT INTO ENSEIGNANT (id_enseignant, nom, prenom, email, grade, date_embauche) VALUES (67, 'Le Gall', 'Olivier', 'enseignant67@universite.edu', 'Assistant', '2012-05-23');
INSERT INTO ENSEIGNANT (id_enseignant, nom, prenom, email, grade, date_embauche) VALUES (68, 'Guillot', 'Hélène', 'enseignant68@universite.edu', 'Professeur', '2012-09-30');
INSERT INTO ENSEIGNANT (id_enseignant, nom, prenom, email, grade, date_embauche) VALUES (69, 'Clément', 'Nath', 'enseignant69@universite.edu', 'Professeur', '2019-09-04');
INSERT INTO ENSEIGNANT (id_enseignant, nom, prenom, email, grade, date_embauche) VALUES (70, 'Muller', 'Patricia', 'enseignant70@universite.edu', 'Assistant', '2020-06-21');
INSERT INTO ENSEIGNANT (id_enseignant, nom, prenom, email, grade, date_embauche) VALUES (71, 'Gosselin', 'Gilbert', 'enseignant71@universite.edu', 'Professeur', '2013-08-04');
INSERT INTO ENSEIGNANT (id_enseignant, nom, prenom, email, grade, date_embauche) VALUES (72, 'Delmas', 'Christelle', 'enseignant72@universite.edu', 'Maître de conférences', '2020-10-05');
INSERT INTO ENSEIGNANT (id_enseignant, nom, prenom, email, grade, date_embauche) VALUES (73, 'Gaillard', 'Rémy', 'enseignant73@universite.edu', 'Professeur', '2020-05-20');
INSERT INTO ENSEIGNANT (id_enseignant, nom, prenom, email, grade, date_embauche) VALUES (74, 'Seguin', 'Audrey', 'enseignant74@universite.edu', 'Professeur', '2015-01-05');
INSERT INTO ENSEIGNANT (id_enseignant, nom, prenom, email, grade, date_embauche) VALUES (75, 'Gimenez', 'Olivie', 'enseignant75@universite.edu', 'Professeur', '2023-10-29');
INSERT INTO ENSEIGNANT (id_enseignant, nom, prenom, email, grade, date_embauche) VALUES (76, 'Blot', 'Luc', 'enseignant76@universite.edu', 'Maître de conférences', '2023-07-16');
INSERT INTO ENSEIGNANT (id_enseignant, nom, prenom, email, grade, date_embauche) VALUES (77, 'Langlois', 'Andrée', 'enseignant77@universite.edu', 'Maître de conférences', '2022-11-01');
INSERT INTO ENSEIGNANT (id_enseignant, nom, prenom, email, grade, date_embauche) VALUES (78, 'Delahaye', 'Alix', 'enseignant78@universite.edu', 'Maître de conférences', '2018-11-11');
INSERT INTO ENSEIGNANT (id_enseignant, nom, prenom, email, grade, date_embauche) VALUES (79, 'Blondel', 'Catherine', 'enseignant79@universite.edu', 'Assistant', '2013-06-19');
INSERT INTO ENSEIGNANT (id_enseignant, nom, prenom, email, grade, date_embauche) VALUES (80, 'Hoarau', 'Maurice', 'enseignant80@universite.edu', 'Maître de conférences', '2012-06-30');
INSERT INTO ENSEIGNANT (id_enseignant, nom, prenom, email, grade, date_embauche) VALUES (81, 'Maillot', 'Alphonse', 'enseignant81@universite.edu', 'Professeur', '2021-06-01');
INSERT INTO ENSEIGNANT (id_enseignant, nom, prenom, email, grade, date_embauche) VALUES (82, 'Lenoir', 'Michel', 'enseignant82@universite.edu', 'Maître de conférences', '2021-06-02');
INSERT INTO ENSEIGNANT (id_enseignant, nom, prenom, email, grade, date_embauche) VALUES (83, 'Vasseur', 'Aimé', 'enseignant83@universite.edu', 'Maître de conférences', '2012-08-13');
INSERT INTO ENSEIGNANT (id_enseignant, nom, prenom, email, grade, date_embauche) VALUES (84, 'Neveu', 'Louise', 'enseignant84@universite.edu', 'Professeur', '2012-05-29');
INSERT INTO ENSEIGNANT (id_enseignant, nom, prenom, email, grade, date_embauche) VALUES (85, 'Rolland', 'Daniel', 'enseignant85@universite.edu', 'Assistant', '2011-12-11');
INSERT INTO ENSEIGNANT (id_enseignant, nom, prenom, email, grade, date_embauche) VALUES (86, 'Rémy', 'David', 'enseignant86@universite.edu', 'Maître de conférences', '2020-02-26');
INSERT INTO ENSEIGNANT (id_enseignant, nom, prenom, email, grade, date_embauche) VALUES (87, 'Gomez', 'Roger', 'enseignant87@universite.edu', 'Assistant', '2022-10-15');
INSERT INTO ENSEIGNANT (id_enseignant, nom, prenom, email, grade, date_embauche) VALUES (88, 'Vallée', 'Marcel', 'enseignant88@universite.edu', 'Assistant', '2020-07-31');
INSERT INTO ENSEIGNANT (id_enseignant, nom, prenom, email, grade, date_embauche) VALUES (89, 'Payet', 'Monique', 'enseignant89@universite.edu', 'Assistant', '2021-02-14');
INSERT INTO ENSEIGNANT (id_enseignant, nom, prenom, email, grade, date_embauche) VALUES (90, 'Verdier', 'Christelle', 'enseignant90@universite.edu', 'Professeur', '2015-07-17');
INSERT INTO ENSEIGNANT (id_enseignant, nom, prenom, email, grade, date_embauche) VALUES (91, 'Reynaud', 'Susan', 'enseignant91@universite.edu', 'Assistant', '2018-05-02');
INSERT INTO ENSEIGNANT (id_enseignant, nom, prenom, email, grade, date_embauche) VALUES (92, 'Aubert', 'Étienne', 'enseignant92@universite.edu', 'Assistant', '2013-01-21');
INSERT INTO ENSEIGNANT (id_enseignant, nom, prenom, email, grade, date_embauche) VALUES (93, 'Delmas', 'Aurore', 'enseignant93@universite.edu', 'Professeur', '2017-06-08');
INSERT INTO ENSEIGNANT (id_enseignant, nom, prenom, email, grade, date_embauche) VALUES (94, 'Briand', 'Antoinette', 'enseignant94@universite.edu', 'Assistant', '2019-05-09');
INSERT INTO ENSEIGNANT (id_enseignant, nom, prenom, email, grade, date_embauche) VALUES (95, 'Chauveau', 'Bernard', 'enseignant95@universite.edu', 'Assistant', '2022-11-12');
INSERT INTO ENSEIGNANT (id_enseignant, nom, prenom, email, grade, date_embauche) VALUES (96, 'Guibert', 'Madeleine', 'enseignant96@universite.edu', 'Professeur', '2013-01-30');
INSERT INTO ENSEIGNANT (id_enseignant, nom, prenom, email, grade, date_embauche) VALUES (97, 'Bonnet', 'Anne', 'enseignant97@universite.edu', 'Professeur', '2023-10-18');
INSERT INTO ENSEIGNANT (id_enseignant, nom, prenom, email, grade, date_embauche) VALUES (98, 'Maillot', 'Susanne', 'enseignant98@universite.edu', 'Maître de conférences', '2026-01-25');
INSERT INTO ENSEIGNANT (id_enseignant, nom, prenom, email, grade, date_embauche) VALUES (99, 'Nicolas', 'Paul', 'enseignant99@universite.edu', 'Maître de conférences', '2014-09-01');
INSERT INTO ENSEIGNANT (id_enseignant, nom, prenom, email, grade, date_embauche) VALUES (100, 'Aubert', 'Élise', 'enseignant100@universite.edu', 'Maître de conférences', '2019-01-15');
INSERT INTO MATIERE (id_matiere, code_matiere, libelle, semestre, coefficient, volume_horaire) VALUES (1, 'MAT001', 'Matiere 1', 'S1', 1.5, 60);
INSERT INTO MATIERE (id_matiere, code_matiere, libelle, semestre, coefficient, volume_horaire) VALUES (2, 'MAT002', 'Matiere 2', 'S2', 1.0, 45);
INSERT INTO MATIERE (id_matiere, code_matiere, libelle, semestre, coefficient, volume_horaire) VALUES (3, 'MAT003', 'Matiere 3', 'S1', 1.0, 60);
INSERT INTO MATIERE (id_matiere, code_matiere, libelle, semestre, coefficient, volume_horaire) VALUES (4, 'MAT004', 'Matiere 4', 'S2', 3.0, 60);
INSERT INTO MATIERE (id_matiere, code_matiere, libelle, semestre, coefficient, volume_horaire) VALUES (5, 'MAT005', 'Matiere 5', 'S1', 1.0, 45);
INSERT INTO MATIERE (id_matiere, code_matiere, libelle, semestre, coefficient, volume_horaire) VALUES (6, 'MAT006', 'Matiere 6', 'S2', 2.0, 45);
INSERT INTO MATIERE (id_matiere, code_matiere, libelle, semestre, coefficient, volume_horaire) VALUES (7, 'MAT007', 'Matiere 7', 'S1', 3.0, 75);
INSERT INTO MATIERE (id_matiere, code_matiere, libelle, semestre, coefficient, volume_horaire) VALUES (8, 'MAT008', 'Matiere 8', 'S2', 3.0, 45);
INSERT INTO MATIERE (id_matiere, code_matiere, libelle, semestre, coefficient, volume_horaire) VALUES (9, 'MAT009', 'Matiere 9', 'S1', 2.0, 45);
INSERT INTO MATIERE (id_matiere, code_matiere, libelle, semestre, coefficient, volume_horaire) VALUES (10, 'MAT010', 'Matiere 10', 'S2', 1.5, 60);
INSERT INTO MATIERE (id_matiere, code_matiere, libelle, semestre, coefficient, volume_horaire) VALUES (11, 'MAT011', 'Matiere 11', 'S1', 3.0, 75);
INSERT INTO MATIERE (id_matiere, code_matiere, libelle, semestre, coefficient, volume_horaire) VALUES (12, 'MAT012', 'Matiere 12', 'S2', 2.0, 45);
INSERT INTO MATIERE (id_matiere, code_matiere, libelle, semestre, coefficient, volume_horaire) VALUES (13, 'MAT013', 'Matiere 13', 'S1', 1.5, 75);
INSERT INTO MATIERE (id_matiere, code_matiere, libelle, semestre, coefficient, volume_horaire) VALUES (14, 'MAT014', 'Matiere 14', 'S2', 1.0, 30);
INSERT INTO MATIERE (id_matiere, code_matiere, libelle, semestre, coefficient, volume_horaire) VALUES (15, 'MAT015', 'Matiere 15', 'S1', 1.0, 45);
INSERT INTO MATIERE (id_matiere, code_matiere, libelle, semestre, coefficient, volume_horaire) VALUES (16, 'MAT016', 'Matiere 16', 'S2', 1.5, 75);
INSERT INTO MATIERE (id_matiere, code_matiere, libelle, semestre, coefficient, volume_horaire) VALUES (17, 'MAT017', 'Matiere 17', 'S1', 1.0, 75);
INSERT INTO MATIERE (id_matiere, code_matiere, libelle, semestre, coefficient, volume_horaire) VALUES (18, 'MAT018', 'Matiere 18', 'S2', 3.0, 75);
INSERT INTO MATIERE (id_matiere, code_matiere, libelle, semestre, coefficient, volume_horaire) VALUES (19, 'MAT019', 'Matiere 19', 'S1', 2.0, 30);
INSERT INTO MATIERE (id_matiere, code_matiere, libelle, semestre, coefficient, volume_horaire) VALUES (20, 'MAT020', 'Matiere 20', 'S2', 1.0, 60);
INSERT INTO MATIERE (id_matiere, code_matiere, libelle, semestre, coefficient, volume_horaire) VALUES (21, 'MAT021', 'Matiere 21', 'S1', 2.0, 30);
INSERT INTO MATIERE (id_matiere, code_matiere, libelle, semestre, coefficient, volume_horaire) VALUES (22, 'MAT022', 'Matiere 22', 'S2', 2.0, 75);
INSERT INTO MATIERE (id_matiere, code_matiere, libelle, semestre, coefficient, volume_horaire) VALUES (23, 'MAT023', 'Matiere 23', 'S1', 1.5, 75);
INSERT INTO MATIERE (id_matiere, code_matiere, libelle, semestre, coefficient, volume_horaire) VALUES (24, 'MAT024', 'Matiere 24', 'S2', 1.0, 60);
INSERT INTO MATIERE (id_matiere, code_matiere, libelle, semestre, coefficient, volume_horaire) VALUES (25, 'MAT025', 'Matiere 25', 'S1', 1.5, 30);
INSERT INTO MATIERE (id_matiere, code_matiere, libelle, semestre, coefficient, volume_horaire) VALUES (26, 'MAT026', 'Matiere 26', 'S2', 2.0, 45);
INSERT INTO MATIERE (id_matiere, code_matiere, libelle, semestre, coefficient, volume_horaire) VALUES (27, 'MAT027', 'Matiere 27', 'S1', 1.5, 60);
INSERT INTO MATIERE (id_matiere, code_matiere, libelle, semestre, coefficient, volume_horaire) VALUES (28, 'MAT028', 'Matiere 28', 'S2', 1.5, 30);
INSERT INTO MATIERE (id_matiere, code_matiere, libelle, semestre, coefficient, volume_horaire) VALUES (29, 'MAT029', 'Matiere 29', 'S1', 2.0, 75);
INSERT INTO MATIERE (id_matiere, code_matiere, libelle, semestre, coefficient, volume_horaire) VALUES (30, 'MAT030', 'Matiere 30', 'S2', 1.0, 30);
INSERT INTO MATIERE (id_matiere, code_matiere, libelle, semestre, coefficient, volume_horaire) VALUES (31, 'MAT031', 'Matiere 31', 'S1', 2.0, 60);
INSERT INTO MATIERE (id_matiere, code_matiere, libelle, semestre, coefficient, volume_horaire) VALUES (32, 'MAT032', 'Matiere 32', 'S2', 1.5, 30);
INSERT INTO MATIERE (id_matiere, code_matiere, libelle, semestre, coefficient, volume_horaire) VALUES (33, 'MAT033', 'Matiere 33', 'S1', 1.5, 30);
INSERT INTO MATIERE (id_matiere, code_matiere, libelle, semestre, coefficient, volume_horaire) VALUES (34, 'MAT034', 'Matiere 34', 'S2', 1.0, 75);
INSERT INTO MATIERE (id_matiere, code_matiere, libelle, semestre, coefficient, volume_horaire) VALUES (35, 'MAT035', 'Matiere 35', 'S1', 1.0, 45);
INSERT INTO MATIERE (id_matiere, code_matiere, libelle, semestre, coefficient, volume_horaire) VALUES (36, 'MAT036', 'Matiere 36', 'S2', 1.5, 75);
INSERT INTO MATIERE (id_matiere, code_matiere, libelle, semestre, coefficient, volume_horaire) VALUES (37, 'MAT037', 'Matiere 37', 'S1', 1.5, 60);
INSERT INTO MATIERE (id_matiere, code_matiere, libelle, semestre, coefficient, volume_horaire) VALUES (38, 'MAT038', 'Matiere 38', 'S2', 3.0, 45);
INSERT INTO MATIERE (id_matiere, code_matiere, libelle, semestre, coefficient, volume_horaire) VALUES (39, 'MAT039', 'Matiere 39', 'S1', 1.5, 60);
INSERT INTO MATIERE (id_matiere, code_matiere, libelle, semestre, coefficient, volume_horaire) VALUES (40, 'MAT040', 'Matiere 40', 'S2', 3.0, 60);
INSERT INTO MATIERE (id_matiere, code_matiere, libelle, semestre, coefficient, volume_horaire) VALUES (41, 'MAT041', 'Matiere 41', 'S1', 3.0, 75);
INSERT INTO MATIERE (id_matiere, code_matiere, libelle, semestre, coefficient, volume_horaire) VALUES (42, 'MAT042', 'Matiere 42', 'S2', 1.0, 45);
INSERT INTO MATIERE (id_matiere, code_matiere, libelle, semestre, coefficient, volume_horaire) VALUES (43, 'MAT043', 'Matiere 43', 'S1', 1.5, 30);
INSERT INTO MATIERE (id_matiere, code_matiere, libelle, semestre, coefficient, volume_horaire) VALUES (44, 'MAT044', 'Matiere 44', 'S2', 2.0, 30);
INSERT INTO MATIERE (id_matiere, code_matiere, libelle, semestre, coefficient, volume_horaire) VALUES (45, 'MAT045', 'Matiere 45', 'S1', 1.5, 45);
INSERT INTO MATIERE (id_matiere, code_matiere, libelle, semestre, coefficient, volume_horaire) VALUES (46, 'MAT046', 'Matiere 46', 'S2', 1.0, 30);
INSERT INTO MATIERE (id_matiere, code_matiere, libelle, semestre, coefficient, volume_horaire) VALUES (47, 'MAT047', 'Matiere 47', 'S1', 1.0, 45);
INSERT INTO MATIERE (id_matiere, code_matiere, libelle, semestre, coefficient, volume_horaire) VALUES (48, 'MAT048', 'Matiere 48', 'S2', 1.0, 30);
INSERT INTO MATIERE (id_matiere, code_matiere, libelle, semestre, coefficient, volume_horaire) VALUES (49, 'MAT049', 'Matiere 49', 'S1', 2.0, 30);
INSERT INTO MATIERE (id_matiere, code_matiere, libelle, semestre, coefficient, volume_horaire) VALUES (50, 'MAT050', 'Matiere 50', 'S2', 1.5, 60);
INSERT INTO ETUDIANT (id_etudiant, nom, prenom, date_naissance, email, telephone, adresse, statut, id_filiere, id_niveau) VALUES (1, 'Joly', 'Audrey', '2000-07-13', 'etudiant1@mail.com', '0600000000', 'Pinto', 'Actif', 16, 2);
INSERT INTO ETUDIANT (id_etudiant, nom, prenom, date_naissance, email, telephone, adresse, statut, id_filiere, id_niveau) VALUES (2, 'Menard', 'Denis', '2004-12-12', 'etudiant2@mail.com', '0600000000', 'PerrinVille', 'Actif', 18, 2);
INSERT INTO ETUDIANT (id_etudiant, nom, prenom, date_naissance, email, telephone, adresse, statut, id_filiere, id_niveau) VALUES (3, 'Gilles', 'Élodie', '1997-08-29', 'etudiant3@mail.com', '0600000000', 'Saint Jacquesnec', 'Actif', 19, 5);
INSERT INTO ETUDIANT (id_etudiant, nom, prenom, date_naissance, email, telephone, adresse, statut, id_filiere, id_niveau) VALUES (4, 'Vallée', 'Christine', '2001-01-17', 'etudiant4@mail.com', '0600000000', 'Lopez-les-Bains', 'Actif', 16, 2);
INSERT INTO ETUDIANT (id_etudiant, nom, prenom, date_naissance, email, telephone, adresse, statut, id_filiere, id_niveau) VALUES (5, 'Gillet', 'Adrien', '2004-01-19', 'etudiant5@mail.com', '0600000000', 'De Sousa', 'Actif', 16, 4);
INSERT INTO ETUDIANT (id_etudiant, nom, prenom, date_naissance, email, telephone, adresse, statut, id_filiere, id_niveau) VALUES (6, 'Renault', 'Audrey', '2006-11-12', 'etudiant6@mail.com', '0600000000', 'Meyer-sur-Mer', 'Actif', 7, 1);
INSERT INTO ETUDIANT (id_etudiant, nom, prenom, date_naissance, email, telephone, adresse, statut, id_filiere, id_niveau) VALUES (7, 'Collet', 'Martin', '1998-05-28', 'etudiant7@mail.com', '0600000000', 'Guyon-sur-Allard', 'Actif', 4, 4);
INSERT INTO ETUDIANT (id_etudiant, nom, prenom, date_naissance, email, telephone, adresse, statut, id_filiere, id_niveau) VALUES (8, 'Bonnet', 'Océane', '2002-09-29', 'etudiant8@mail.com', '0600000000', 'Saint Isabelle', 'Actif', 12, 4);
INSERT INTO ETUDIANT (id_etudiant, nom, prenom, date_naissance, email, telephone, adresse, statut, id_filiere, id_niveau) VALUES (9, 'Martel', 'Constance', '2006-06-12', 'etudiant9@mail.com', '0600000000', 'Boyer', 'Actif', 14, 4);
INSERT INTO ETUDIANT (id_etudiant, nom, prenom, date_naissance, email, telephone, adresse, statut, id_filiere, id_niveau) VALUES (10, 'Grégoire', 'Édouard', '2000-07-27', 'etudiant10@mail.com', '0600000000', 'Saint Margot-sur-Mer', 'Actif', 2, 1);
INSERT INTO ETUDIANT (id_etudiant, nom, prenom, date_naissance, email, telephone, adresse, statut, id_filiere, id_niveau) VALUES (11, 'Antoine', 'Georges', '2007-02-06', 'etudiant11@mail.com', '0600000000', 'Delorme', 'Actif', 2, 4);
INSERT INTO ETUDIANT (id_etudiant, nom, prenom, date_naissance, email, telephone, adresse, statut, id_filiere, id_niveau) VALUES (12, 'Valentin', 'Augustin', '2007-12-12', 'etudiant12@mail.com', '0600000000', 'Sainte Margauxboeuf', 'Actif', 11, 1);
INSERT INTO ETUDIANT (id_etudiant, nom, prenom, date_naissance, email, telephone, adresse, statut, id_filiere, id_niveau) VALUES (13, 'Bertin', 'Lucas', '2002-10-03', 'etudiant13@mail.com', '0600000000', 'Aubry', 'Actif', 8, 2);
INSERT INTO ETUDIANT (id_etudiant, nom, prenom, date_naissance, email, telephone, adresse, statut, id_filiere, id_niveau) VALUES (14, 'Delaunay', 'Gilles', '2008-05-23', 'etudiant14@mail.com', '0600000000', 'Albert', 'Actif', 7, 5);
INSERT INTO ETUDIANT (id_etudiant, nom, prenom, date_naissance, email, telephone, adresse, statut, id_filiere, id_niveau) VALUES (15, 'Gomes', 'Odette', '1998-08-23', 'etudiant15@mail.com', '0600000000', 'Sainte Laurence', 'Actif', 15, 2);
INSERT INTO ETUDIANT (id_etudiant, nom, prenom, date_naissance, email, telephone, adresse, statut, id_filiere, id_niveau) VALUES (16, 'Thibault', 'Eugène', '1998-08-28', 'etudiant16@mail.com', '0600000000', 'Benoit-la-Forêt', 'Actif', 14, 2);
INSERT INTO ETUDIANT (id_etudiant, nom, prenom, date_naissance, email, telephone, adresse, statut, id_filiere, id_niveau) VALUES (17, 'Payet', 'Adèle', '1998-07-31', 'etudiant17@mail.com', '0600000000', 'Lemaître', 'Actif', 9, 4);
INSERT INTO ETUDIANT (id_etudiant, nom, prenom, date_naissance, email, telephone, adresse, statut, id_filiere, id_niveau) VALUES (18, 'Jacquet', 'Hugues', '2004-11-11', 'etudiant18@mail.com', '0600000000', 'Fischer-la-Forêt', 'Actif', 8, 1);
INSERT INTO ETUDIANT (id_etudiant, nom, prenom, date_naissance, email, telephone, adresse, statut, id_filiere, id_niveau) VALUES (19, 'Raymond', 'Susan', '2006-05-29', 'etudiant19@mail.com', '0600000000', 'Sainte Margaud', 'Actif', 15, 5);
INSERT INTO ETUDIANT (id_etudiant, nom, prenom, date_naissance, email, telephone, adresse, statut, id_filiere, id_niveau) VALUES (20, 'Duval', 'Grégoire', '2001-11-28', 'etudiant20@mail.com', '0600000000', 'Saint Noémi-les-Bains', 'Actif', 4, 1);
INSERT INTO ETUDIANT (id_etudiant, nom, prenom, date_naissance, email, telephone, adresse, statut, id_filiere, id_niveau) VALUES (21, 'Maillard', 'Roland', '2007-09-13', 'etudiant21@mail.com', '0600000000', 'Wagner', 'Actif', 18, 1);
INSERT INTO ETUDIANT (id_etudiant, nom, prenom, date_naissance, email, telephone, adresse, statut, id_filiere, id_niveau) VALUES (22, 'Le Goff', 'Lucas', '2008-03-14', 'etudiant22@mail.com', '0600000000', 'Bodin', 'Actif', 3, 2);
INSERT INTO ETUDIANT (id_etudiant, nom, prenom, date_naissance, email, telephone, adresse, statut, id_filiere, id_niveau) VALUES (23, 'Camus', 'Philippe', '1998-04-10', 'etudiant23@mail.com', '0600000000', 'Sainte Véronique-la-Forêt', 'Actif', 6, 4);
INSERT INTO ETUDIANT (id_etudiant, nom, prenom, date_naissance, email, telephone, adresse, statut, id_filiere, id_niveau) VALUES (24, 'Bertrand', 'Adrien', '2003-01-31', 'etudiant24@mail.com', '0600000000', 'Diaz', 'Actif', 16, 4);
INSERT INTO ETUDIANT (id_etudiant, nom, prenom, date_naissance, email, telephone, adresse, statut, id_filiere, id_niveau) VALUES (25, 'Charles', 'Isaac', '2004-12-04', 'etudiant25@mail.com', '0600000000', 'Munoznec', 'Actif', 7, 4);
INSERT INTO ETUDIANT (id_etudiant, nom, prenom, date_naissance, email, telephone, adresse, statut, id_filiere, id_niveau) VALUES (26, 'Guilbert', 'Alain', '1999-04-25', 'etudiant26@mail.com', '0600000000', 'Saint ÉmilieVille', 'Actif', 2, 2);
INSERT INTO ETUDIANT (id_etudiant, nom, prenom, date_naissance, email, telephone, adresse, statut, id_filiere, id_niveau) VALUES (27, 'Lemaître', 'Isabelle', '2006-10-23', 'etudiant27@mail.com', '0600000000', 'Perret', 'Actif', 13, 1);
INSERT INTO ETUDIANT (id_etudiant, nom, prenom, date_naissance, email, telephone, adresse, statut, id_filiere, id_niveau) VALUES (28, 'Rodriguez', 'Augustin', '2002-08-27', 'etudiant28@mail.com', '0600000000', 'Fournier', 'Actif', 13, 3);
INSERT INTO ETUDIANT (id_etudiant, nom, prenom, date_naissance, email, telephone, adresse, statut, id_filiere, id_niveau) VALUES (29, 'Pelletier', 'Marc', '2001-08-27', 'etudiant29@mail.com', '0600000000', 'Sainte Renéenec', 'Actif', 15, 3);
INSERT INTO ETUDIANT (id_etudiant, nom, prenom, date_naissance, email, telephone, adresse, statut, id_filiere, id_niveau) VALUES (30, 'Legendre', 'Océane', '2000-01-15', 'etudiant30@mail.com', '0600000000', 'Goncalves', 'Actif', 14, 5);
INSERT INTO ETUDIANT (id_etudiant, nom, prenom, date_naissance, email, telephone, adresse, statut, id_filiere, id_niveau) VALUES (31, 'Schmitt', 'Antoinette', '1997-10-31', 'etudiant31@mail.com', '0600000000', 'Gallet', 'Actif', 16, 2);
INSERT INTO ETUDIANT (id_etudiant, nom, prenom, date_naissance, email, telephone, adresse, statut, id_filiere, id_niveau) VALUES (32, 'Le Roux', 'Sabine', '2004-05-31', 'etudiant32@mail.com', '0600000000', 'Da Costa', 'Actif', 7, 3);
INSERT INTO ETUDIANT (id_etudiant, nom, prenom, date_naissance, email, telephone, adresse, statut, id_filiere, id_niveau) VALUES (33, 'Leroux', 'Simone', '1999-04-01', 'etudiant33@mail.com', '0600000000', 'Moreldan', 'Actif', 7, 1);
INSERT INTO ETUDIANT (id_etudiant, nom, prenom, date_naissance, email, telephone, adresse, statut, id_filiere, id_niveau) VALUES (34, 'Louis', 'Luc', '2005-03-29', 'etudiant34@mail.com', '0600000000', 'Schneider', 'Actif', 19, 5);
INSERT INTO ETUDIANT (id_etudiant, nom, prenom, date_naissance, email, telephone, adresse, statut, id_filiere, id_niveau) VALUES (35, 'Dumas', 'Maurice', '1997-10-24', 'etudiant35@mail.com', '0600000000', 'Alexandre', 'Actif', 2, 3);
INSERT INTO ETUDIANT (id_etudiant, nom, prenom, date_naissance, email, telephone, adresse, statut, id_filiere, id_niveau) VALUES (36, 'Boulanger', 'Roger', '1998-08-04', 'etudiant36@mail.com', '0600000000', 'Marty', 'Actif', 2, 1);
INSERT INTO ETUDIANT (id_etudiant, nom, prenom, date_naissance, email, telephone, adresse, statut, id_filiere, id_niveau) VALUES (37, 'Clerc', 'Danielle', '2004-03-17', 'etudiant37@mail.com', '0600000000', 'RémyVille', 'Actif', 19, 4);
INSERT INTO ETUDIANT (id_etudiant, nom, prenom, date_naissance, email, telephone, adresse, statut, id_filiere, id_niveau) VALUES (38, 'Ferreira', 'Raymond', '2000-06-12', 'etudiant38@mail.com', '0600000000', 'Aubry-sur-Morel', 'Actif', 17, 5);
INSERT INTO ETUDIANT (id_etudiant, nom, prenom, date_naissance, email, telephone, adresse, statut, id_filiere, id_niveau) VALUES (39, 'Nicolas', 'Jeannine', '2004-10-20', 'etudiant39@mail.com', '0600000000', 'Chauveau', 'Actif', 6, 1);
INSERT INTO ETUDIANT (id_etudiant, nom, prenom, date_naissance, email, telephone, adresse, statut, id_filiere, id_niveau) VALUES (40, 'Bouvier', 'Bernadette', '2007-09-21', 'etudiant40@mail.com', '0600000000', 'Ferreiranec', 'Actif', 17, 1);
INSERT INTO ETUDIANT (id_etudiant, nom, prenom, date_naissance, email, telephone, adresse, statut, id_filiere, id_niveau) VALUES (41, 'Verdier', 'Laurent', '2001-09-28', 'etudiant41@mail.com', '0600000000', 'Sainte Adrien', 'Actif', 6, 1);
INSERT INTO ETUDIANT (id_etudiant, nom, prenom, date_naissance, email, telephone, adresse, statut, id_filiere, id_niveau) VALUES (42, 'Dijoux', 'Susan', '2006-07-27', 'etudiant42@mail.com', '0600000000', 'Marchal', 'Actif', 20, 1);
INSERT INTO ETUDIANT (id_etudiant, nom, prenom, date_naissance, email, telephone, adresse, statut, id_filiere, id_niveau) VALUES (43, 'Perret', 'Daniel', '2003-01-10', 'etudiant43@mail.com', '0600000000', 'Bouvier-sur-Dupré', 'Actif', 8, 4);
INSERT INTO ETUDIANT (id_etudiant, nom, prenom, date_naissance, email, telephone, adresse, statut, id_filiere, id_niveau) VALUES (44, 'Denis', 'Michelle', '2002-07-09', 'etudiant44@mail.com', '0600000000', 'Ruiznec', 'Actif', 4, 5);
INSERT INTO ETUDIANT (id_etudiant, nom, prenom, date_naissance, email, telephone, adresse, statut, id_filiere, id_niveau) VALUES (45, 'Millet', 'Anne', '2002-06-10', 'etudiant45@mail.com', '0600000000', 'Rodriguez-sur-Mer', 'Actif', 8, 5);
INSERT INTO ETUDIANT (id_etudiant, nom, prenom, date_naissance, email, telephone, adresse, statut, id_filiere, id_niveau) VALUES (46, 'De Oliveira', 'Margot', '2003-11-10', 'etudiant46@mail.com', '0600000000', 'Chauvet', 'Actif', 20, 1);
INSERT INTO ETUDIANT (id_etudiant, nom, prenom, date_naissance, email, telephone, adresse, statut, id_filiere, id_niveau) VALUES (47, 'Colas', 'Thibaut', '2004-04-26', 'etudiant47@mail.com', '0600000000', 'Martin-la-Forêt', 'Actif', 20, 1);
INSERT INTO ETUDIANT (id_etudiant, nom, prenom, date_naissance, email, telephone, adresse, statut, id_filiere, id_niveau) VALUES (48, 'Renault', 'Marc', '2004-09-21', 'etudiant48@mail.com', '0600000000', 'Seguin-sur-Bègue', 'Actif', 14, 5);
INSERT INTO ETUDIANT (id_etudiant, nom, prenom, date_naissance, email, telephone, adresse, statut, id_filiere, id_niveau) VALUES (49, 'Lebrun', 'Chantal', '2004-12-04', 'etudiant49@mail.com', '0600000000', 'Parent-sur-Mer', 'Actif', 19, 5);
INSERT INTO ETUDIANT (id_etudiant, nom, prenom, date_naissance, email, telephone, adresse, statut, id_filiere, id_niveau) VALUES (50, 'Gros', 'Christelle', '2000-04-18', 'etudiant50@mail.com', '0600000000', 'Sainte Deniseboeuf', 'Actif', 11, 3);
INSERT INTO ETUDIANT (id_etudiant, nom, prenom, date_naissance, email, telephone, adresse, statut, id_filiere, id_niveau) VALUES (51, 'Morin', 'Thérèse', '2001-05-28', 'etudiant51@mail.com', '0600000000', 'Jean', 'Actif', 7, 3);
INSERT INTO ETUDIANT (id_etudiant, nom, prenom, date_naissance, email, telephone, adresse, statut, id_filiere, id_niveau) VALUES (52, 'Philippe', 'William', '1997-10-28', 'etudiant52@mail.com', '0600000000', 'Saint Christelle', 'Actif', 8, 3);
INSERT INTO ETUDIANT (id_etudiant, nom, prenom, date_naissance, email, telephone, adresse, statut, id_filiere, id_niveau) VALUES (53, 'Bourdon', 'Claude', '1998-08-25', 'etudiant53@mail.com', '0600000000', 'Legros-sur-Mer', 'Actif', 13, 2);
INSERT INTO ETUDIANT (id_etudiant, nom, prenom, date_naissance, email, telephone, adresse, statut, id_filiere, id_niveau) VALUES (54, 'Wagner', 'Marthe', '2003-12-10', 'etudiant54@mail.com', '0600000000', 'Alexandre-sur-Mer', 'Actif', 10, 4);
INSERT INTO ETUDIANT (id_etudiant, nom, prenom, date_naissance, email, telephone, adresse, statut, id_filiere, id_niveau) VALUES (55, 'Caron', 'Marcelle', '1997-07-03', 'etudiant55@mail.com', '0600000000', 'Sainte Matthieu-les-Bains', 'Actif', 11, 1);
INSERT INTO ETUDIANT (id_etudiant, nom, prenom, date_naissance, email, telephone, adresse, statut, id_filiere, id_niveau) VALUES (56, 'Grenier', 'Diane', '2005-04-24', 'etudiant56@mail.com', '0600000000', 'Saint Claude', 'Actif', 1, 4);
INSERT INTO ETUDIANT (id_etudiant, nom, prenom, date_naissance, email, telephone, adresse, statut, id_filiere, id_niveau) VALUES (57, 'Rivière', 'Cécile', '1999-09-05', 'etudiant57@mail.com', '0600000000', 'Martineauboeuf', 'Actif', 20, 5);
INSERT INTO ETUDIANT (id_etudiant, nom, prenom, date_naissance, email, telephone, adresse, statut, id_filiere, id_niveau) VALUES (58, 'Faivre', 'Capucine', '2007-10-31', 'etudiant58@mail.com', '0600000000', 'Launaydan', 'Actif', 4, 1);
INSERT INTO ETUDIANT (id_etudiant, nom, prenom, date_naissance, email, telephone, adresse, statut, id_filiere, id_niveau) VALUES (59, 'Leroux', 'Noémi', '2005-06-26', 'etudiant59@mail.com', '0600000000', 'Poirier-sur-Mer', 'Actif', 18, 2);
INSERT INTO ETUDIANT (id_etudiant, nom, prenom, date_naissance, email, telephone, adresse, statut, id_filiere, id_niveau) VALUES (60, 'Diaz', 'Robert', '2006-04-12', 'etudiant60@mail.com', '0600000000', 'Toussaint-sur-Mer', 'Actif', 17, 3);
INSERT INTO ETUDIANT (id_etudiant, nom, prenom, date_naissance, email, telephone, adresse, statut, id_filiere, id_niveau) VALUES (61, 'Paris', 'Brigitte', '1998-09-23', 'etudiant61@mail.com', '0600000000', 'Huet', 'Actif', 5, 3);
INSERT INTO ETUDIANT (id_etudiant, nom, prenom, date_naissance, email, telephone, adresse, statut, id_filiere, id_niveau) VALUES (62, 'Maillard', 'Xavier', '2002-11-06', 'etudiant62@mail.com', '0600000000', 'Faure-les-Bains', 'Actif', 3, 2);
INSERT INTO ETUDIANT (id_etudiant, nom, prenom, date_naissance, email, telephone, adresse, statut, id_filiere, id_niveau) VALUES (63, 'Fernandes', 'Nicolas', '2003-12-05', 'etudiant63@mail.com', '0600000000', 'Munoz', 'Actif', 12, 3);
INSERT INTO ETUDIANT (id_etudiant, nom, prenom, date_naissance, email, telephone, adresse, statut, id_filiere, id_niveau) VALUES (64, 'Benoit', 'Christophe', '2004-06-19', 'etudiant64@mail.com', '0600000000', 'Rémydan', 'Actif', 6, 4);
INSERT INTO ETUDIANT (id_etudiant, nom, prenom, date_naissance, email, telephone, adresse, statut, id_filiere, id_niveau) VALUES (65, 'Legros', 'Charles', '2000-12-05', 'etudiant65@mail.com', '0600000000', 'PerrierVille', 'Actif', 18, 3);
INSERT INTO ETUDIANT (id_etudiant, nom, prenom, date_naissance, email, telephone, adresse, statut, id_filiere, id_niveau) VALUES (66, 'Salmon', 'Hortense', '2003-11-18', 'etudiant66@mail.com', '0600000000', 'Robertboeuf', 'Actif', 20, 5);
INSERT INTO ETUDIANT (id_etudiant, nom, prenom, date_naissance, email, telephone, adresse, statut, id_filiere, id_niveau) VALUES (67, 'Léger', 'Odette', '2004-01-17', 'etudiant67@mail.com', '0600000000', 'Tanguy-sur-Mer', 'Actif', 1, 5);
INSERT INTO ETUDIANT (id_etudiant, nom, prenom, date_naissance, email, telephone, adresse, statut, id_filiere, id_niveau) VALUES (68, 'Coulon', 'Matthieu', '2002-01-19', 'etudiant68@mail.com', '0600000000', 'ValléeVille', 'Actif', 10, 1);
INSERT INTO ETUDIANT (id_etudiant, nom, prenom, date_naissance, email, telephone, adresse, statut, id_filiere, id_niveau) VALUES (69, 'Perrier', 'Yves', '2004-04-15', 'etudiant69@mail.com', '0600000000', 'Bigot', 'Actif', 5, 3);
INSERT INTO ETUDIANT (id_etudiant, nom, prenom, date_naissance, email, telephone, adresse, statut, id_filiere, id_niveau) VALUES (70, 'Rodriguez', 'Laurence', '2006-06-30', 'etudiant70@mail.com', '0600000000', 'Sainte Jeanne', 'Actif', 4, 1);
INSERT INTO ETUDIANT (id_etudiant, nom, prenom, date_naissance, email, telephone, adresse, statut, id_filiere, id_niveau) VALUES (71, 'Thibault', 'Margaud', '1997-11-14', 'etudiant71@mail.com', '0600000000', 'Sainte Grégoiredan', 'Actif', 18, 2);
INSERT INTO ETUDIANT (id_etudiant, nom, prenom, date_naissance, email, telephone, adresse, statut, id_filiere, id_niveau) VALUES (72, 'Vidal', 'Benoît', '2001-11-01', 'etudiant72@mail.com', '0600000000', 'Millet-sur-Mer', 'Actif', 9, 3);
INSERT INTO ETUDIANT (id_etudiant, nom, prenom, date_naissance, email, telephone, adresse, statut, id_filiere, id_niveau) VALUES (73, 'De Sousa', 'Victor', '2003-02-25', 'etudiant73@mail.com', '0600000000', 'Lopesnec', 'Actif', 20, 2);
INSERT INTO ETUDIANT (id_etudiant, nom, prenom, date_naissance, email, telephone, adresse, statut, id_filiere, id_niveau) VALUES (74, 'Fleury', 'Victoire', '1998-10-20', 'etudiant74@mail.com', '0600000000', 'MoreauVille', 'Actif', 11, 2);
INSERT INTO ETUDIANT (id_etudiant, nom, prenom, date_naissance, email, telephone, adresse, statut, id_filiere, id_niveau) VALUES (75, 'Marty', 'Maurice', '1998-07-30', 'etudiant75@mail.com', '0600000000', 'Saint Paul', 'Actif', 9, 5);
INSERT INTO ETUDIANT (id_etudiant, nom, prenom, date_naissance, email, telephone, adresse, statut, id_filiere, id_niveau) VALUES (76, 'Bourgeois', 'Virginie', '1997-10-03', 'etudiant76@mail.com', '0600000000', 'Brunet-sur-Dupuis', 'Actif', 16, 3);
INSERT INTO ETUDIANT (id_etudiant, nom, prenom, date_naissance, email, telephone, adresse, statut, id_filiere, id_niveau) VALUES (77, 'Marchand', 'Christelle', '1999-05-10', 'etudiant77@mail.com', '0600000000', 'Carpentier-sur-Turpin', 'Actif', 2, 1);
INSERT INTO ETUDIANT (id_etudiant, nom, prenom, date_naissance, email, telephone, adresse, statut, id_filiere, id_niveau) VALUES (78, 'Bonnin', 'Pierre', '2003-09-08', 'etudiant78@mail.com', '0600000000', 'Seguin', 'Actif', 14, 3);
INSERT INTO ETUDIANT (id_etudiant, nom, prenom, date_naissance, email, telephone, adresse, statut, id_filiere, id_niveau) VALUES (79, 'Seguin', 'Océane', '1999-05-11', 'etudiant79@mail.com', '0600000000', 'Langlois', 'Actif', 2, 1);
INSERT INTO ETUDIANT (id_etudiant, nom, prenom, date_naissance, email, telephone, adresse, statut, id_filiere, id_niveau) VALUES (80, 'Nicolas', 'Inès', '1997-11-05', 'etudiant80@mail.com', '0600000000', 'Bruneau', 'Actif', 11, 2);
INSERT INTO ETUDIANT (id_etudiant, nom, prenom, date_naissance, email, telephone, adresse, statut, id_filiere, id_niveau) VALUES (81, 'Labbé', 'Alexandria', '2004-02-27', 'etudiant81@mail.com', '0600000000', 'Sanchez', 'Actif', 9, 2);
INSERT INTO ETUDIANT (id_etudiant, nom, prenom, date_naissance, email, telephone, adresse, statut, id_filiere, id_niveau) VALUES (82, 'Allain', 'Marie', '2008-01-30', 'etudiant82@mail.com', '0600000000', 'Henry', 'Actif', 15, 5);
INSERT INTO ETUDIANT (id_etudiant, nom, prenom, date_naissance, email, telephone, adresse, statut, id_filiere, id_niveau) VALUES (83, 'Grenier', 'Pénélope', '2002-07-16', 'etudiant83@mail.com', '0600000000', 'Mathieu-sur-Moreno', 'Actif', 14, 5);
INSERT INTO ETUDIANT (id_etudiant, nom, prenom, date_naissance, email, telephone, adresse, statut, id_filiere, id_niveau) VALUES (84, 'Dupont', 'Adélaïde', '2006-06-22', 'etudiant84@mail.com', '0600000000', 'Peltierboeuf', 'Actif', 1, 1);
INSERT INTO ETUDIANT (id_etudiant, nom, prenom, date_naissance, email, telephone, adresse, statut, id_filiere, id_niveau) VALUES (85, 'Muller', 'Corinne', '2003-03-20', 'etudiant85@mail.com', '0600000000', 'Sainte Valentine', 'Actif', 3, 2);
INSERT INTO ETUDIANT (id_etudiant, nom, prenom, date_naissance, email, telephone, adresse, statut, id_filiere, id_niveau) VALUES (86, 'Camus', 'Franck', '2004-10-13', 'etudiant86@mail.com', '0600000000', 'Bousquet', 'Actif', 18, 1);
INSERT INTO ETUDIANT (id_etudiant, nom, prenom, date_naissance, email, telephone, adresse, statut, id_filiere, id_niveau) VALUES (87, 'Jacques', 'Mathilde', '2000-01-05', 'etudiant87@mail.com', '0600000000', 'Schmitt-la-Forêt', 'Actif', 12, 5);
INSERT INTO ETUDIANT (id_etudiant, nom, prenom, date_naissance, email, telephone, adresse, statut, id_filiere, id_niveau) VALUES (88, 'Chauvet', 'Susan', '2006-07-26', 'etudiant88@mail.com', '0600000000', 'Turpinnec', 'Actif', 18, 2);
INSERT INTO ETUDIANT (id_etudiant, nom, prenom, date_naissance, email, telephone, adresse, statut, id_filiere, id_niveau) VALUES (89, 'Foucher', 'Jeanne', '2001-12-22', 'etudiant89@mail.com', '0600000000', 'Moulin', 'Actif', 14, 2);
INSERT INTO ETUDIANT (id_etudiant, nom, prenom, date_naissance, email, telephone, adresse, statut, id_filiere, id_niveau) VALUES (90, 'Fernandez', 'Roger', '2005-01-29', 'etudiant90@mail.com', '0600000000', 'Hamel', 'Actif', 2, 3);
INSERT INTO ETUDIANT (id_etudiant, nom, prenom, date_naissance, email, telephone, adresse, statut, id_filiere, id_niveau) VALUES (91, 'Barthelemy', 'Hélène', '2007-10-17', 'etudiant91@mail.com', '0600000000', 'MarquesVille', 'Actif', 12, 1);
INSERT INTO ETUDIANT (id_etudiant, nom, prenom, date_naissance, email, telephone, adresse, statut, id_filiere, id_niveau) VALUES (92, 'Costa', 'Claude', '2002-12-09', 'etudiant92@mail.com', '0600000000', 'Coulon', 'Actif', 12, 2);
INSERT INTO ETUDIANT (id_etudiant, nom, prenom, date_naissance, email, telephone, adresse, statut, id_filiere, id_niveau) VALUES (93, 'Lecomte', 'Adrienne', '2001-10-21', 'etudiant93@mail.com', '0600000000', 'Guyot', 'Actif', 8, 1);
INSERT INTO ETUDIANT (id_etudiant, nom, prenom, date_naissance, email, telephone, adresse, statut, id_filiere, id_niveau) VALUES (94, 'Godard', 'Martine', '2002-02-09', 'etudiant94@mail.com', '0600000000', 'Dubois-sur-Mer', 'Actif', 12, 5);
INSERT INTO ETUDIANT (id_etudiant, nom, prenom, date_naissance, email, telephone, adresse, statut, id_filiere, id_niveau) VALUES (95, 'Clément', 'Olivier', '2004-04-28', 'etudiant95@mail.com', '0600000000', 'Berthelot-sur-Mer', 'Actif', 14, 5);
INSERT INTO ETUDIANT (id_etudiant, nom, prenom, date_naissance, email, telephone, adresse, statut, id_filiere, id_niveau) VALUES (96, 'Blot', 'Christelle', '2008-05-25', 'etudiant96@mail.com', '0600000000', 'PonsVille', 'Actif', 5, 2);
INSERT INTO ETUDIANT (id_etudiant, nom, prenom, date_naissance, email, telephone, adresse, statut, id_filiere, id_niveau) VALUES (97, 'Morin', 'Théodore', '2001-03-06', 'etudiant97@mail.com', '0600000000', 'Jacquot-sur-Mer', 'Actif', 6, 2);
INSERT INTO ETUDIANT (id_etudiant, nom, prenom, date_naissance, email, telephone, adresse, statut, id_filiere, id_niveau) VALUES (98, 'Schneider', 'Margaud', '2007-04-21', 'etudiant98@mail.com', '0600000000', 'Reynaud', 'Actif', 14, 1);
INSERT INTO ETUDIANT (id_etudiant, nom, prenom, date_naissance, email, telephone, adresse, statut, id_filiere, id_niveau) VALUES (99, 'Lenoir', 'Éléonore', '2003-04-05', 'etudiant99@mail.com', '0600000000', 'Valletboeuf', 'Actif', 6, 3);
INSERT INTO ETUDIANT (id_etudiant, nom, prenom, date_naissance, email, telephone, adresse, statut, id_filiere, id_niveau) VALUES (100, 'Benard', 'Martine', '2005-02-16', 'etudiant100@mail.com', '0600000000', 'Schneider', 'Actif', 14, 2);
INSERT INTO ENSEIGNEMENT (id_enseignant,id_filiere,id_matiere,id_niveau) VALUES (17,16,43,1);
INSERT INTO ENSEIGNEMENT (id_enseignant,id_filiere,id_matiere,id_niveau) VALUES (1,12,20,4);
INSERT INTO ENSEIGNEMENT (id_enseignant,id_filiere,id_matiere,id_niveau) VALUES (72,1,34,2);
INSERT INTO ENSEIGNEMENT (id_enseignant,id_filiere,id_matiere,id_niveau) VALUES (61,17,42,4);
INSERT INTO ENSEIGNEMENT (id_enseignant,id_filiere,id_matiere,id_niveau) VALUES (35,14,32,1);
INSERT INTO ENSEIGNEMENT (id_enseignant,id_filiere,id_matiere,id_niveau) VALUES (56,12,47,3);
INSERT INTO ENSEIGNEMENT (id_enseignant,id_filiere,id_matiere,id_niveau) VALUES (76,19,43,1);
INSERT INTO ENSEIGNEMENT (id_enseignant,id_filiere,id_matiere,id_niveau) VALUES (32,3,18,4);
INSERT INTO ENSEIGNEMENT (id_enseignant,id_filiere,id_matiere,id_niveau) VALUES (69,7,24,4);
INSERT INTO ENSEIGNEMENT (id_enseignant,id_filiere,id_matiere,id_niveau) VALUES (99,9,23,5);
INSERT INTO ENSEIGNEMENT (id_enseignant,id_filiere,id_matiere,id_niveau) VALUES (34,2,7,5);
INSERT INTO ENSEIGNEMENT (id_enseignant,id_filiere,id_matiere,id_niveau) VALUES (96,16,29,3);
INSERT INTO ENSEIGNEMENT (id_enseignant,id_filiere,id_matiere,id_niveau) VALUES (71,1,20,3);
INSERT INTO ENSEIGNEMENT (id_enseignant,id_filiere,id_matiere,id_niveau) VALUES (64,11,12,4);
INSERT INTO ENSEIGNEMENT (id_enseignant,id_filiere,id_matiere,id_niveau) VALUES (29,6,45,5);
INSERT INTO ENSEIGNEMENT (id_enseignant,id_filiere,id_matiere,id_niveau) VALUES (99,12,11,5);
INSERT INTO ENSEIGNEMENT (id_enseignant,id_filiere,id_matiere,id_niveau) VALUES (95,16,18,5);
INSERT INTO ENSEIGNEMENT (id_enseignant,id_filiere,id_matiere,id_niveau) VALUES (41,15,40,5);
INSERT INTO ENSEIGNEMENT (id_enseignant,id_filiere,id_matiere,id_niveau) VALUES (6,12,35,4);
INSERT INTO ENSEIGNEMENT (id_enseignant,id_filiere,id_matiere,id_niveau) VALUES (33,8,8,2);
INSERT INTO ENSEIGNEMENT (id_enseignant,id_filiere,id_matiere,id_niveau) VALUES (76,14,20,5);
INSERT INTO ENSEIGNEMENT (id_enseignant,id_filiere,id_matiere,id_niveau) VALUES (54,18,48,5);
INSERT INTO ENSEIGNEMENT (id_enseignant,id_filiere,id_matiere,id_niveau) VALUES (47,6,20,1);
INSERT INTO ENSEIGNEMENT (id_enseignant,id_filiere,id_matiere,id_niveau) VALUES (54,2,14,4);
INSERT INTO ENSEIGNEMENT (id_enseignant,id_filiere,id_matiere,id_niveau) VALUES (56,20,33,1);
INSERT INTO ENSEIGNEMENT (id_enseignant,id_filiere,id_matiere,id_niveau) VALUES (86,17,36,5);
INSERT INTO ENSEIGNEMENT (id_enseignant,id_filiere,id_matiere,id_niveau) VALUES (55,18,29,2);
INSERT INTO ENSEIGNEMENT (id_enseignant,id_filiere,id_matiere,id_niveau) VALUES (36,20,45,3);
INSERT INTO ENSEIGNEMENT (id_enseignant,id_filiere,id_matiere,id_niveau) VALUES (89,10,45,4);
INSERT INTO ENSEIGNEMENT (id_enseignant,id_filiere,id_matiere,id_niveau) VALUES (93,6,30,2);
INSERT INTO ENSEIGNEMENT (id_enseignant,id_filiere,id_matiere,id_niveau) VALUES (4,3,15,5);
INSERT INTO ENSEIGNEMENT (id_enseignant,id_filiere,id_matiere,id_niveau) VALUES (57,3,39,1);
INSERT INTO ENSEIGNEMENT (id_enseignant,id_filiere,id_matiere,id_niveau) VALUES (85,7,28,1);
INSERT INTO ENSEIGNEMENT (id_enseignant,id_filiere,id_matiere,id_niveau) VALUES (15,3,26,4);
INSERT INTO ENSEIGNEMENT (id_enseignant,id_filiere,id_matiere,id_niveau) VALUES (79,19,20,4);
INSERT INTO ENSEIGNEMENT (id_enseignant,id_filiere,id_matiere,id_niveau) VALUES (3,20,10,2);
INSERT INTO ENSEIGNEMENT (id_enseignant,id_filiere,id_matiere,id_niveau) VALUES (95,6,43,1);
INSERT INTO ENSEIGNEMENT (id_enseignant,id_filiere,id_matiere,id_niveau) VALUES (26,15,23,3);
INSERT INTO ENSEIGNEMENT (id_enseignant,id_filiere,id_matiere,id_niveau) VALUES (14,1,37,3);
INSERT INTO ENSEIGNEMENT (id_enseignant,id_filiere,id_matiere,id_niveau) VALUES (63,18,49,2);
INSERT INTO ENSEIGNEMENT (id_enseignant,id_filiere,id_matiere,id_niveau) VALUES (35,17,35,4);
INSERT INTO ENSEIGNEMENT (id_enseignant,id_filiere,id_matiere,id_niveau) VALUES (91,18,9,3);
INSERT INTO ENSEIGNEMENT (id_enseignant,id_filiere,id_matiere,id_niveau) VALUES (42,13,45,3);
INSERT INTO ENSEIGNEMENT (id_enseignant,id_filiere,id_matiere,id_niveau) VALUES (50,11,43,4);
INSERT INTO ENSEIGNEMENT (id_enseignant,id_filiere,id_matiere,id_niveau) VALUES (44,13,18,4);
INSERT INTO ENSEIGNEMENT (id_enseignant,id_filiere,id_matiere,id_niveau) VALUES (59,14,41,5);
INSERT INTO ENSEIGNEMENT (id_enseignant,id_filiere,id_matiere,id_niveau) VALUES (61,10,3,2);
INSERT INTO ENSEIGNEMENT (id_enseignant,id_filiere,id_matiere,id_niveau) VALUES (78,8,32,2);
INSERT INTO ENSEIGNEMENT (id_enseignant,id_filiere,id_matiere,id_niveau) VALUES (27,14,38,5);
INSERT INTO ENSEIGNEMENT (id_enseignant,id_filiere,id_matiere,id_niveau) VALUES (42,7,30,3);
INSERT INTO ENSEIGNEMENT (id_enseignant,id_filiere,id_matiere,id_niveau) VALUES (78,4,50,2);
INSERT INTO ENSEIGNEMENT (id_enseignant,id_filiere,id_matiere,id_niveau) VALUES (98,17,39,3);
INSERT INTO ENSEIGNEMENT (id_enseignant,id_filiere,id_matiere,id_niveau) VALUES (57,7,33,4);
INSERT INTO ENSEIGNEMENT (id_enseignant,id_filiere,id_matiere,id_niveau) VALUES (10,8,17,5);
INSERT INTO ENSEIGNEMENT (id_enseignant,id_filiere,id_matiere,id_niveau) VALUES (41,4,48,5);
INSERT INTO ENSEIGNEMENT (id_enseignant,id_filiere,id_matiere,id_niveau) VALUES (50,19,45,1);
INSERT INTO ENSEIGNEMENT (id_enseignant,id_filiere,id_matiere,id_niveau) VALUES (28,12,17,3);
INSERT INTO ENSEIGNEMENT (id_enseignant,id_filiere,id_matiere,id_niveau) VALUES (53,16,19,4);
INSERT INTO ENSEIGNEMENT (id_enseignant,id_filiere,id_matiere,id_niveau) VALUES (29,13,45,2);
INSERT INTO ENSEIGNEMENT (id_enseignant,id_filiere,id_matiere,id_niveau) VALUES (71,17,23,4);
INSERT INTO ENSEIGNEMENT (id_enseignant,id_filiere,id_matiere,id_niveau) VALUES (85,12,5,5);
INSERT INTO ENSEIGNEMENT (id_enseignant,id_filiere,id_matiere,id_niveau) VALUES (24,2,17,4);
INSERT INTO ENSEIGNEMENT (id_enseignant,id_filiere,id_matiere,id_niveau) VALUES (76,1,49,3);
INSERT INTO ENSEIGNEMENT (id_enseignant,id_filiere,id_matiere,id_niveau) VALUES (65,10,43,4);
INSERT INTO ENSEIGNEMENT (id_enseignant,id_filiere,id_matiere,id_niveau) VALUES (86,13,44,2);
INSERT INTO ENSEIGNEMENT (id_enseignant,id_filiere,id_matiere,id_niveau) VALUES (61,16,29,3);
INSERT INTO ENSEIGNEMENT (id_enseignant,id_filiere,id_matiere,id_niveau) VALUES (80,2,40,1);
INSERT INTO ENSEIGNEMENT (id_enseignant,id_filiere,id_matiere,id_niveau) VALUES (96,18,22,3);
INSERT INTO ENSEIGNEMENT (id_enseignant,id_filiere,id_matiere,id_niveau) VALUES (11,8,47,4);
INSERT INTO ENSEIGNEMENT (id_enseignant,id_filiere,id_matiere,id_niveau) VALUES (80,8,50,5);
INSERT INTO ENSEIGNEMENT (id_enseignant,id_filiere,id_matiere,id_niveau) VALUES (51,7,5,5);
INSERT INTO ENSEIGNEMENT (id_enseignant,id_filiere,id_matiere,id_niveau) VALUES (32,15,37,5);
INSERT INTO ENSEIGNEMENT (id_enseignant,id_filiere,id_matiere,id_niveau) VALUES (53,11,35,4);
INSERT INTO ENSEIGNEMENT (id_enseignant,id_filiere,id_matiere,id_niveau) VALUES (32,5,42,1);
INSERT INTO ENSEIGNEMENT (id_enseignant,id_filiere,id_matiere,id_niveau) VALUES (82,15,46,2);
INSERT INTO ENSEIGNEMENT (id_enseignant,id_filiere,id_matiere,id_niveau) VALUES (30,8,2,2);
INSERT INTO ENSEIGNEMENT (id_enseignant,id_filiere,id_matiere,id_niveau) VALUES (37,10,45,4);
INSERT INTO ENSEIGNEMENT (id_enseignant,id_filiere,id_matiere,id_niveau) VALUES (73,7,30,3);
INSERT INTO ENSEIGNEMENT (id_enseignant,id_filiere,id_matiere,id_niveau) VALUES (71,5,13,4);
INSERT INTO ENSEIGNEMENT (id_enseignant,id_filiere,id_matiere,id_niveau) VALUES (34,3,11,2);
INSERT INTO ENSEIGNEMENT (id_enseignant,id_filiere,id_matiere,id_niveau) VALUES (56,11,39,3);
INSERT INTO ENSEIGNEMENT (id_enseignant,id_filiere,id_matiere,id_niveau) VALUES (37,15,8,4);
INSERT INTO ENSEIGNEMENT (id_enseignant,id_filiere,id_matiere,id_niveau) VALUES (98,6,13,2);
INSERT INTO ENSEIGNEMENT (id_enseignant,id_filiere,id_matiere,id_niveau) VALUES (11,8,8,5);
INSERT INTO ENSEIGNEMENT (id_enseignant,id_filiere,id_matiere,id_niveau) VALUES (40,19,44,4);
INSERT INTO ENSEIGNEMENT (id_enseignant,id_filiere,id_matiere,id_niveau) VALUES (88,20,8,5);
INSERT INTO ENSEIGNEMENT (id_enseignant,id_filiere,id_matiere,id_niveau) VALUES (6,14,1,5);
INSERT INTO ENSEIGNEMENT (id_enseignant,id_filiere,id_matiere,id_niveau) VALUES (97,4,50,4);
INSERT INTO ENSEIGNEMENT (id_enseignant,id_filiere,id_matiere,id_niveau) VALUES (100,16,30,4);
INSERT INTO ENSEIGNEMENT (id_enseignant,id_filiere,id_matiere,id_niveau) VALUES (91,7,5,4);
INSERT INTO ENSEIGNEMENT (id_enseignant,id_filiere,id_matiere,id_niveau) VALUES (40,4,38,1);
INSERT INTO ENSEIGNEMENT (id_enseignant,id_filiere,id_matiere,id_niveau) VALUES (99,17,32,2);
INSERT INTO ENSEIGNEMENT (id_enseignant,id_filiere,id_matiere,id_niveau) VALUES (74,2,49,2);
INSERT INTO ENSEIGNEMENT (id_enseignant,id_filiere,id_matiere,id_niveau) VALUES (82,16,6,4);
INSERT INTO ENSEIGNEMENT (id_enseignant,id_filiere,id_matiere,id_niveau) VALUES (52,18,22,1);
INSERT INTO ENSEIGNEMENT (id_enseignant,id_filiere,id_matiere,id_niveau) VALUES (36,6,38,4);
INSERT INTO ENSEIGNEMENT (id_enseignant,id_filiere,id_matiere,id_niveau) VALUES (50,19,13,3);
INSERT INTO ENSEIGNEMENT (id_enseignant,id_filiere,id_matiere,id_niveau) VALUES (97,1,16,2);
INSERT INTO ENSEIGNEMENT (id_enseignant,id_filiere,id_matiere,id_niveau) VALUES (25,13,32,4);
INSERT INTO ENSEIGNEMENT (id_enseignant,id_filiere,id_matiere,id_niveau) VALUES (35,5,5,1);
INSERT INTO ENSEIGNEMENT (id_enseignant,id_filiere,id_matiere,id_niveau) VALUES (36,15,5,3);
INSERT INTO ENSEIGNEMENT (id_enseignant,id_filiere,id_matiere,id_niveau) VALUES (37,17,43,5);
INSERT INTO ENSEIGNEMENT (id_enseignant,id_filiere,id_matiere,id_niveau) VALUES (60,2,36,2);
INSERT INTO ENSEIGNEMENT (id_enseignant,id_filiere,id_matiere,id_niveau) VALUES (98,19,25,4);
INSERT INTO ENSEIGNEMENT (id_enseignant,id_filiere,id_matiere,id_niveau) VALUES (98,14,39,5);
INSERT INTO ENSEIGNEMENT (id_enseignant,id_filiere,id_matiere,id_niveau) VALUES (29,3,50,1);
INSERT INTO ENSEIGNEMENT (id_enseignant,id_filiere,id_matiere,id_niveau) VALUES (23,18,5,2);
INSERT INTO ENSEIGNEMENT (id_enseignant,id_filiere,id_matiere,id_niveau) VALUES (70,3,9,2);
INSERT INTO ENSEIGNEMENT (id_enseignant,id_filiere,id_matiere,id_niveau) VALUES (83,11,1,4);
INSERT INTO ENSEIGNEMENT (id_enseignant,id_filiere,id_matiere,id_niveau) VALUES (87,10,15,2);
INSERT INTO ENSEIGNEMENT (id_enseignant,id_filiere,id_matiere,id_niveau) VALUES (94,19,18,3);
INSERT INTO ENSEIGNEMENT (id_enseignant,id_filiere,id_matiere,id_niveau) VALUES (86,4,11,3);
INSERT INTO ENSEIGNEMENT (id_enseignant,id_filiere,id_matiere,id_niveau) VALUES (15,9,12,5);
INSERT INTO ENSEIGNEMENT (id_enseignant,id_filiere,id_matiere,id_niveau) VALUES (90,15,18,3);
INSERT INTO ENSEIGNEMENT (id_enseignant,id_filiere,id_matiere,id_niveau) VALUES (86,13,22,1);
INSERT INTO ENSEIGNEMENT (id_enseignant,id_filiere,id_matiere,id_niveau) VALUES (98,7,41,2);
INSERT INTO ENSEIGNEMENT (id_enseignant,id_filiere,id_matiere,id_niveau) VALUES (6,2,36,3);
INSERT INTO ENSEIGNEMENT (id_enseignant,id_filiere,id_matiere,id_niveau) VALUES (19,1,3,2);
INSERT INTO ENSEIGNEMENT (id_enseignant,id_filiere,id_matiere,id_niveau) VALUES (61,20,50,1);
INSERT INTO ENSEIGNEMENT (id_enseignant,id_filiere,id_matiere,id_niveau) VALUES (58,1,6,3);
INSERT INTO ENSEIGNEMENT (id_enseignant,id_filiere,id_matiere,id_niveau) VALUES (40,19,24,4);
INSERT INTO ENSEIGNEMENT (id_enseignant,id_filiere,id_matiere,id_niveau) VALUES (1,14,29,5);
INSERT INTO ENSEIGNEMENT (id_enseignant,id_filiere,id_matiere,id_niveau) VALUES (49,2,31,2);
INSERT INTO ENSEIGNEMENT (id_enseignant,id_filiere,id_matiere,id_niveau) VALUES (31,9,22,3);
INSERT INTO ENSEIGNEMENT (id_enseignant,id_filiere,id_matiere,id_niveau) VALUES (90,5,41,4);
INSERT INTO ENSEIGNEMENT (id_enseignant,id_filiere,id_matiere,id_niveau) VALUES (45,14,22,3);
INSERT INTO ENSEIGNEMENT (id_enseignant,id_filiere,id_matiere,id_niveau) VALUES (56,6,47,5);
INSERT INTO ENSEIGNEMENT (id_enseignant,id_filiere,id_matiere,id_niveau) VALUES (89,8,7,3);
INSERT INTO ENSEIGNEMENT (id_enseignant,id_filiere,id_matiere,id_niveau) VALUES (49,15,29,3);
INSERT INTO ENSEIGNEMENT (id_enseignant,id_filiere,id_matiere,id_niveau) VALUES (89,16,42,4);
INSERT INTO ENSEIGNEMENT (id_enseignant,id_filiere,id_matiere,id_niveau) VALUES (13,7,19,2);
INSERT INTO ENSEIGNEMENT (id_enseignant,id_filiere,id_matiere,id_niveau) VALUES (11,14,9,4);
INSERT INTO ENSEIGNEMENT (id_enseignant,id_filiere,id_matiere,id_niveau) VALUES (70,8,42,2);
INSERT INTO ENSEIGNEMENT (id_enseignant,id_filiere,id_matiere,id_niveau) VALUES (20,5,37,3);
INSERT INTO ENSEIGNEMENT (id_enseignant,id_filiere,id_matiere,id_niveau) VALUES (16,15,9,4);
INSERT INTO ENSEIGNEMENT (id_enseignant,id_filiere,id_matiere,id_niveau) VALUES (84,11,30,4);
INSERT INTO ENSEIGNEMENT (id_enseignant,id_filiere,id_matiere,id_niveau) VALUES (97,8,41,3);
INSERT INTO ENSEIGNEMENT (id_enseignant,id_filiere,id_matiere,id_niveau) VALUES (63,4,28,3);
INSERT INTO ENSEIGNEMENT (id_enseignant,id_filiere,id_matiere,id_niveau) VALUES (43,3,49,2);
INSERT INTO ENSEIGNEMENT (id_enseignant,id_filiere,id_matiere,id_niveau) VALUES (84,9,40,5);
INSERT INTO ENSEIGNEMENT (id_enseignant,id_filiere,id_matiere,id_niveau) VALUES (52,11,18,1);
INSERT INTO ENSEIGNEMENT (id_enseignant,id_filiere,id_matiere,id_niveau) VALUES (10,19,41,1);
INSERT INTO ENSEIGNEMENT (id_enseignant,id_filiere,id_matiere,id_niveau) VALUES (30,13,45,2);
INSERT INTO ENSEIGNEMENT (id_enseignant,id_filiere,id_matiere,id_niveau) VALUES (35,6,45,1);
INSERT INTO ENSEIGNEMENT (id_enseignant,id_filiere,id_matiere,id_niveau) VALUES (80,18,2,4);
INSERT INTO ENSEIGNEMENT (id_enseignant,id_filiere,id_matiere,id_niveau) VALUES (96,18,4,3);
INSERT INTO ENSEIGNEMENT (id_enseignant,id_filiere,id_matiere,id_niveau) VALUES (33,3,31,1);
INSERT INTO ENSEIGNEMENT (id_enseignant,id_filiere,id_matiere,id_niveau) VALUES (22,10,39,5);
INSERT INTO ENSEIGNEMENT (id_enseignant,id_filiere,id_matiere,id_niveau) VALUES (9,11,40,3);
INSERT INTO ENSEIGNEMENT (id_enseignant,id_filiere,id_matiere,id_niveau) VALUES (85,4,47,3);
INSERT INTO COMPOSITION (id_etudiant,id_matiere,session,ann_univ,valeur_note,commentaire) VALUES (4,15,'Rattrapage','2025-2026',19.61,'Evaluation');
INSERT INTO COMPOSITION (id_etudiant,id_matiere,session,ann_univ,valeur_note,commentaire) VALUES (23,9,'Rattrapage','2025-2026',11.65,'Evaluation');
INSERT INTO COMPOSITION (id_etudiant,id_matiere,session,ann_univ,valeur_note,commentaire) VALUES (6,16,'Rattrapage','2025-2026',17.39,'Evaluation');
INSERT INTO COMPOSITION (id_etudiant,id_matiere,session,ann_univ,valeur_note,commentaire) VALUES (98,36,'Normale','2025-2026',9.04,'Evaluation');
INSERT INTO COMPOSITION (id_etudiant,id_matiere,session,ann_univ,valeur_note,commentaire) VALUES (17,38,'Normale','2025-2026',11.25,'Evaluation');
INSERT INTO COMPOSITION (id_etudiant,id_matiere,session,ann_univ,valeur_note,commentaire) VALUES (96,50,'Rattrapage','2025-2026',14.68,'Evaluation');
INSERT INTO COMPOSITION (id_etudiant,id_matiere,session,ann_univ,valeur_note,commentaire) VALUES (25,8,'Rattrapage','2025-2026',7.82,'Evaluation');
INSERT INTO COMPOSITION (id_etudiant,id_matiere,session,ann_univ,valeur_note,commentaire) VALUES (84,6,'Rattrapage','2025-2026',8.17,'Evaluation');
INSERT INTO COMPOSITION (id_etudiant,id_matiere,session,ann_univ,valeur_note,commentaire) VALUES (69,47,'Normale','2025-2026',17.36,'Evaluation');
INSERT INTO COMPOSITION (id_etudiant,id_matiere,session,ann_univ,valeur_note,commentaire) VALUES (41,27,'Normale','2025-2026',16.11,'Evaluation');
INSERT INTO COMPOSITION (id_etudiant,id_matiere,session,ann_univ,valeur_note,commentaire) VALUES (12,28,'Normale','2025-2026',16.39,'Evaluation');
INSERT INTO COMPOSITION (id_etudiant,id_matiere,session,ann_univ,valeur_note,commentaire) VALUES (17,22,'Normale','2025-2026',18.01,'Evaluation');
INSERT INTO COMPOSITION (id_etudiant,id_matiere,session,ann_univ,valeur_note,commentaire) VALUES (20,4,'Rattrapage','2025-2026',17.32,'Evaluation');
INSERT INTO COMPOSITION (id_etudiant,id_matiere,session,ann_univ,valeur_note,commentaire) VALUES (40,45,'Rattrapage','2025-2026',12.73,'Evaluation');
INSERT INTO COMPOSITION (id_etudiant,id_matiere,session,ann_univ,valeur_note,commentaire) VALUES (43,29,'Rattrapage','2025-2026',7.38,'Evaluation');
INSERT INTO COMPOSITION (id_etudiant,id_matiere,session,ann_univ,valeur_note,commentaire) VALUES (5,4,'Rattrapage','2025-2026',9.67,'Evaluation');
INSERT INTO COMPOSITION (id_etudiant,id_matiere,session,ann_univ,valeur_note,commentaire) VALUES (40,17,'Rattrapage','2025-2026',12.6,'Evaluation');
INSERT INTO COMPOSITION (id_etudiant,id_matiere,session,ann_univ,valeur_note,commentaire) VALUES (73,48,'Rattrapage','2025-2026',7.03,'Evaluation');
INSERT INTO COMPOSITION (id_etudiant,id_matiere,session,ann_univ,valeur_note,commentaire) VALUES (68,35,'Normale','2025-2026',17.77,'Evaluation');
INSERT INTO COMPOSITION (id_etudiant,id_matiere,session,ann_univ,valeur_note,commentaire) VALUES (94,16,'Normale','2025-2026',18.19,'Evaluation');
INSERT INTO COMPOSITION (id_etudiant,id_matiere,session,ann_univ,valeur_note,commentaire) VALUES (57,5,'Rattrapage','2025-2026',5.43,'Evaluation');
INSERT INTO COMPOSITION (id_etudiant,id_matiere,session,ann_univ,valeur_note,commentaire) VALUES (100,25,'Rattrapage','2025-2026',7.89,'Evaluation');
INSERT INTO COMPOSITION (id_etudiant,id_matiere,session,ann_univ,valeur_note,commentaire) VALUES (11,8,'Normale','2025-2026',17.49,'Evaluation');
INSERT INTO COMPOSITION (id_etudiant,id_matiere,session,ann_univ,valeur_note,commentaire) VALUES (79,38,'Normale','2025-2026',17.55,'Evaluation');
INSERT INTO COMPOSITION (id_etudiant,id_matiere,session,ann_univ,valeur_note,commentaire) VALUES (88,24,'Rattrapage','2025-2026',8.74,'Evaluation');
INSERT INTO COMPOSITION (id_etudiant,id_matiere,session,ann_univ,valeur_note,commentaire) VALUES (3,34,'Rattrapage','2025-2026',11.85,'Evaluation');
INSERT INTO COMPOSITION (id_etudiant,id_matiere,session,ann_univ,valeur_note,commentaire) VALUES (50,36,'Rattrapage','2025-2026',18.77,'Evaluation');
INSERT INTO COMPOSITION (id_etudiant,id_matiere,session,ann_univ,valeur_note,commentaire) VALUES (64,38,'Normale','2025-2026',15.57,'Evaluation');
INSERT INTO COMPOSITION (id_etudiant,id_matiere,session,ann_univ,valeur_note,commentaire) VALUES (87,6,'Rattrapage','2025-2026',9.11,'Evaluation');
INSERT INTO COMPOSITION (id_etudiant,id_matiere,session,ann_univ,valeur_note,commentaire) VALUES (31,7,'Normale','2025-2026',17.35,'Evaluation');
INSERT INTO COMPOSITION (id_etudiant,id_matiere,session,ann_univ,valeur_note,commentaire) VALUES (3,6,'Rattrapage','2025-2026',12.58,'Evaluation');
INSERT INTO COMPOSITION (id_etudiant,id_matiere,session,ann_univ,valeur_note,commentaire) VALUES (92,34,'Normale','2025-2026',14.53,'Evaluation');
INSERT INTO COMPOSITION (id_etudiant,id_matiere,session,ann_univ,valeur_note,commentaire) VALUES (30,9,'Rattrapage','2025-2026',6.86,'Evaluation');
INSERT INTO COMPOSITION (id_etudiant,id_matiere,session,ann_univ,valeur_note,commentaire) VALUES (11,3,'Rattrapage','2025-2026',5.46,'Evaluation');
INSERT INTO COMPOSITION (id_etudiant,id_matiere,session,ann_univ,valeur_note,commentaire) VALUES (8,26,'Rattrapage','2025-2026',10.59,'Evaluation');
INSERT INTO COMPOSITION (id_etudiant,id_matiere,session,ann_univ,valeur_note,commentaire) VALUES (6,13,'Normale','2025-2026',13.91,'Evaluation');
INSERT INTO COMPOSITION (id_etudiant,id_matiere,session,ann_univ,valeur_note,commentaire) VALUES (77,4,'Normale','2025-2026',7.66,'Evaluation');
INSERT INTO COMPOSITION (id_etudiant,id_matiere,session,ann_univ,valeur_note,commentaire) VALUES (39,32,'Normale','2025-2026',18.06,'Evaluation');
INSERT INTO COMPOSITION (id_etudiant,id_matiere,session,ann_univ,valeur_note,commentaire) VALUES (55,1,'Rattrapage','2025-2026',13.8,'Evaluation');
INSERT INTO COMPOSITION (id_etudiant,id_matiere,session,ann_univ,valeur_note,commentaire) VALUES (3,38,'Normale','2025-2026',10.25,'Evaluation');
INSERT INTO COMPOSITION (id_etudiant,id_matiere,session,ann_univ,valeur_note,commentaire) VALUES (76,22,'Rattrapage','2025-2026',7.45,'Evaluation');
INSERT INTO COMPOSITION (id_etudiant,id_matiere,session,ann_univ,valeur_note,commentaire) VALUES (6,1,'Normale','2025-2026',18.42,'Evaluation');
INSERT INTO COMPOSITION (id_etudiant,id_matiere,session,ann_univ,valeur_note,commentaire) VALUES (48,2,'Rattrapage','2025-2026',16.23,'Evaluation');
INSERT INTO COMPOSITION (id_etudiant,id_matiere,session,ann_univ,valeur_note,commentaire) VALUES (64,33,'Rattrapage','2025-2026',15.33,'Evaluation');
INSERT INTO COMPOSITION (id_etudiant,id_matiere,session,ann_univ,valeur_note,commentaire) VALUES (63,11,'Normale','2025-2026',9.28,'Evaluation');
INSERT INTO COMPOSITION (id_etudiant,id_matiere,session,ann_univ,valeur_note,commentaire) VALUES (99,26,'Normale','2025-2026',10.8,'Evaluation');
INSERT INTO COMPOSITION (id_etudiant,id_matiere,session,ann_univ,valeur_note,commentaire) VALUES (14,19,'Rattrapage','2025-2026',7.44,'Evaluation');
INSERT INTO COMPOSITION (id_etudiant,id_matiere,session,ann_univ,valeur_note,commentaire) VALUES (82,26,'Normale','2025-2026',13.58,'Evaluation');
INSERT INTO COMPOSITION (id_etudiant,id_matiere,session,ann_univ,valeur_note,commentaire) VALUES (56,29,'Normale','2025-2026',19.47,'Evaluation');
INSERT INTO COMPOSITION (id_etudiant,id_matiere,session,ann_univ,valeur_note,commentaire) VALUES (6,17,'Rattrapage','2025-2026',17.86,'Evaluation');
INSERT INTO COMPOSITION (id_etudiant,id_matiere,session,ann_univ,valeur_note,commentaire) VALUES (22,11,'Rattrapage','2025-2026',14.71,'Evaluation');
INSERT INTO COMPOSITION (id_etudiant,id_matiere,session,ann_univ,valeur_note,commentaire) VALUES (20,5,'Rattrapage','2025-2026',15.17,'Evaluation');
INSERT INTO COMPOSITION (id_etudiant,id_matiere,session,ann_univ,valeur_note,commentaire) VALUES (92,29,'Normale','2025-2026',9.04,'Evaluation');
INSERT INTO COMPOSITION (id_etudiant,id_matiere,session,ann_univ,valeur_note,commentaire) VALUES (85,42,'Normale','2025-2026',11.14,'Evaluation');
INSERT INTO COMPOSITION (id_etudiant,id_matiere,session,ann_univ,valeur_note,commentaire) VALUES (25,2,'Rattrapage','2025-2026',5.3,'Evaluation');
INSERT INTO COMPOSITION (id_etudiant,id_matiere,session,ann_univ,valeur_note,commentaire) VALUES (38,37,'Normale','2025-2026',16.7,'Evaluation');
INSERT INTO COMPOSITION (id_etudiant,id_matiere,session,ann_univ,valeur_note,commentaire) VALUES (65,42,'Normale','2025-2026',16.51,'Evaluation');
INSERT INTO COMPOSITION (id_etudiant,id_matiere,session,ann_univ,valeur_note,commentaire) VALUES (68,3,'Normale','2025-2026',5.13,'Evaluation');
INSERT INTO COMPOSITION (id_etudiant,id_matiere,session,ann_univ,valeur_note,commentaire) VALUES (32,30,'Rattrapage','2025-2026',18.67,'Evaluation');
INSERT INTO COMPOSITION (id_etudiant,id_matiere,session,ann_univ,valeur_note,commentaire) VALUES (46,36,'Normale','2025-2026',14.71,'Evaluation');
INSERT INTO COMPOSITION (id_etudiant,id_matiere,session,ann_univ,valeur_note,commentaire) VALUES (17,37,'Normale','2025-2026',14.02,'Evaluation');
INSERT INTO COMPOSITION (id_etudiant,id_matiere,session,ann_univ,valeur_note,commentaire) VALUES (17,41,'Rattrapage','2025-2026',5.13,'Evaluation');
INSERT INTO COMPOSITION (id_etudiant,id_matiere,session,ann_univ,valeur_note,commentaire) VALUES (57,27,'Rattrapage','2025-2026',8.79,'Evaluation');
INSERT INTO COMPOSITION (id_etudiant,id_matiere,session,ann_univ,valeur_note,commentaire) VALUES (3,21,'Normale','2025-2026',17.08,'Evaluation');
INSERT INTO COMPOSITION (id_etudiant,id_matiere,session,ann_univ,valeur_note,commentaire) VALUES (77,40,'Normale','2025-2026',9.58,'Evaluation');
INSERT INTO COMPOSITION (id_etudiant,id_matiere,session,ann_univ,valeur_note,commentaire) VALUES (40,11,'Rattrapage','2025-2026',19.51,'Evaluation');
INSERT INTO COMPOSITION (id_etudiant,id_matiere,session,ann_univ,valeur_note,commentaire) VALUES (73,42,'Rattrapage','2025-2026',14.64,'Evaluation');
INSERT INTO COMPOSITION (id_etudiant,id_matiere,session,ann_univ,valeur_note,commentaire) VALUES (28,22,'Rattrapage','2025-2026',11.36,'Evaluation');
INSERT INTO COMPOSITION (id_etudiant,id_matiere,session,ann_univ,valeur_note,commentaire) VALUES (90,11,'Normale','2025-2026',10.65,'Evaluation');
INSERT INTO COMPOSITION (id_etudiant,id_matiere,session,ann_univ,valeur_note,commentaire) VALUES (87,46,'Rattrapage','2025-2026',10.23,'Evaluation');
INSERT INTO COMPOSITION (id_etudiant,id_matiere,session,ann_univ,valeur_note,commentaire) VALUES (32,46,'Normale','2025-2026',8.78,'Evaluation');
INSERT INTO COMPOSITION (id_etudiant,id_matiere,session,ann_univ,valeur_note,commentaire) VALUES (70,20,'Normale','2025-2026',12.0,'Evaluation');
INSERT INTO COMPOSITION (id_etudiant,id_matiere,session,ann_univ,valeur_note,commentaire) VALUES (49,11,'Normale','2025-2026',15.16,'Evaluation');
INSERT INTO COMPOSITION (id_etudiant,id_matiere,session,ann_univ,valeur_note,commentaire) VALUES (37,22,'Normale','2025-2026',17.36,'Evaluation');
INSERT INTO COMPOSITION (id_etudiant,id_matiere,session,ann_univ,valeur_note,commentaire) VALUES (50,30,'Rattrapage','2025-2026',10.96,'Evaluation');
INSERT INTO COMPOSITION (id_etudiant,id_matiere,session,ann_univ,valeur_note,commentaire) VALUES (37,50,'Normale','2025-2026',6.53,'Evaluation');
INSERT INTO COMPOSITION (id_etudiant,id_matiere,session,ann_univ,valeur_note,commentaire) VALUES (43,36,'Rattrapage','2025-2026',12.67,'Evaluation');
INSERT INTO COMPOSITION (id_etudiant,id_matiere,session,ann_univ,valeur_note,commentaire) VALUES (16,24,'Rattrapage','2025-2026',14.94,'Evaluation');
INSERT INTO COMPOSITION (id_etudiant,id_matiere,session,ann_univ,valeur_note,commentaire) VALUES (49,18,'Rattrapage','2025-2026',17.65,'Evaluation');
INSERT INTO COMPOSITION (id_etudiant,id_matiere,session,ann_univ,valeur_note,commentaire) VALUES (63,10,'Rattrapage','2025-2026',10.61,'Evaluation');
INSERT INTO COMPOSITION (id_etudiant,id_matiere,session,ann_univ,valeur_note,commentaire) VALUES (68,33,'Rattrapage','2025-2026',14.71,'Evaluation');
INSERT INTO COMPOSITION (id_etudiant,id_matiere,session,ann_univ,valeur_note,commentaire) VALUES (73,36,'Normale','2025-2026',14.14,'Evaluation');
INSERT INTO COMPOSITION (id_etudiant,id_matiere,session,ann_univ,valeur_note,commentaire) VALUES (69,19,'Normale','2025-2026',9.48,'Evaluation');
INSERT INTO COMPOSITION (id_etudiant,id_matiere,session,ann_univ,valeur_note,commentaire) VALUES (73,23,'Rattrapage','2025-2026',6.62,'Evaluation');
INSERT INTO COMPOSITION (id_etudiant,id_matiere,session,ann_univ,valeur_note,commentaire) VALUES (2,17,'Normale','2025-2026',5.96,'Evaluation');
INSERT INTO COMPOSITION (id_etudiant,id_matiere,session,ann_univ,valeur_note,commentaire) VALUES (70,23,'Rattrapage','2025-2026',19.83,'Evaluation');
INSERT INTO COMPOSITION (id_etudiant,id_matiere,session,ann_univ,valeur_note,commentaire) VALUES (68,21,'Rattrapage','2025-2026',14.61,'Evaluation');
INSERT INTO COMPOSITION (id_etudiant,id_matiere,session,ann_univ,valeur_note,commentaire) VALUES (68,5,'Rattrapage','2025-2026',17.92,'Evaluation');
INSERT INTO COMPOSITION (id_etudiant,id_matiere,session,ann_univ,valeur_note,commentaire) VALUES (10,37,'Normale','2025-2026',8.92,'Evaluation');
INSERT INTO COMPOSITION (id_etudiant,id_matiere,session,ann_univ,valeur_note,commentaire) VALUES (96,5,'Normale','2025-2026',15.67,'Evaluation');
INSERT INTO COMPOSITION (id_etudiant,id_matiere,session,ann_univ,valeur_note,commentaire) VALUES (53,24,'Normale','2025-2026',18.39,'Evaluation');
INSERT INTO COMPOSITION (id_etudiant,id_matiere,session,ann_univ,valeur_note,commentaire) VALUES (97,46,'Rattrapage','2025-2026',9.48,'Evaluation');
INSERT INTO COMPOSITION (id_etudiant,id_matiere,session,ann_univ,valeur_note,commentaire) VALUES (98,16,'Normale','2025-2026',7.25,'Evaluation');
INSERT INTO COMPOSITION (id_etudiant,id_matiere,session,ann_univ,valeur_note,commentaire) VALUES (67,12,'Normale','2025-2026',16.48,'Evaluation');
INSERT INTO COMPOSITION (id_etudiant,id_matiere,session,ann_univ,valeur_note,commentaire) VALUES (80,44,'Normale','2025-2026',18.5,'Evaluation');
INSERT INTO COMPOSITION (id_etudiant,id_matiere,session,ann_univ,valeur_note,commentaire) VALUES (70,3,'Normale','2025-2026',17.08,'Evaluation');
INSERT INTO COMPOSITION (id_etudiant,id_matiere,session,ann_univ,valeur_note,commentaire) VALUES (8,30,'Normale','2025-2026',17.04,'Evaluation');
INSERT INTO COMPOSITION (id_etudiant,id_matiere,session,ann_univ,valeur_note,commentaire) VALUES (37,5,'Normale','2025-2026',14.0,'Evaluation');
INSERT INTO COMPOSITION (id_etudiant,id_matiere,session,ann_univ,valeur_note,commentaire) VALUES (51,37,'Rattrapage','2025-2026',14.91,'Evaluation');
INSERT INTO COMPOSITION (id_etudiant,id_matiere,session,ann_univ,valeur_note,commentaire) VALUES (13,29,'Normale','2025-2026',15.21,'Evaluation');
INSERT INTO COMPOSITION (id_etudiant,id_matiere,session,ann_univ,valeur_note,commentaire) VALUES (90,49,'Rattrapage','2025-2026',15.82,'Evaluation');
INSERT INTO COMPOSITION (id_etudiant,id_matiere,session,ann_univ,valeur_note,commentaire) VALUES (31,37,'Rattrapage','2025-2026',14.83,'Evaluation');
INSERT INTO COMPOSITION (id_etudiant,id_matiere,session,ann_univ,valeur_note,commentaire) VALUES (41,20,'Rattrapage','2025-2026',19.96,'Evaluation');
INSERT INTO COMPOSITION (id_etudiant,id_matiere,session,ann_univ,valeur_note,commentaire) VALUES (19,44,'Normale','2025-2026',8.89,'Evaluation');
INSERT INTO COMPOSITION (id_etudiant,id_matiere,session,ann_univ,valeur_note,commentaire) VALUES (60,35,'Rattrapage','2025-2026',11.28,'Evaluation');
INSERT INTO COMPOSITION (id_etudiant,id_matiere,session,ann_univ,valeur_note,commentaire) VALUES (48,25,'Rattrapage','2025-2026',10.82,'Evaluation');
INSERT INTO COMPOSITION (id_etudiant,id_matiere,session,ann_univ,valeur_note,commentaire) VALUES (90,35,'Normale','2025-2026',5.53,'Evaluation');
INSERT INTO COMPOSITION (id_etudiant,id_matiere,session,ann_univ,valeur_note,commentaire) VALUES (23,46,'Rattrapage','2025-2026',15.62,'Evaluation');
INSERT INTO COMPOSITION (id_etudiant,id_matiere,session,ann_univ,valeur_note,commentaire) VALUES (20,35,'Rattrapage','2025-2026',13.58,'Evaluation');
INSERT INTO COMPOSITION (id_etudiant,id_matiere,session,ann_univ,valeur_note,commentaire) VALUES (18,18,'Rattrapage','2025-2026',7.85,'Evaluation');
INSERT INTO COMPOSITION (id_etudiant,id_matiere,session,ann_univ,valeur_note,commentaire) VALUES (70,31,'Rattrapage','2025-2026',15.9,'Evaluation');
INSERT INTO COMPOSITION (id_etudiant,id_matiere,session,ann_univ,valeur_note,commentaire) VALUES (27,20,'Normale','2025-2026',8.34,'Evaluation');
INSERT INTO COMPOSITION (id_etudiant,id_matiere,session,ann_univ,valeur_note,commentaire) VALUES (100,21,'Normale','2025-2026',13.02,'Evaluation');
INSERT INTO COMPOSITION (id_etudiant,id_matiere,session,ann_univ,valeur_note,commentaire) VALUES (18,8,'Normale','2025-2026',16.77,'Evaluation');
INSERT INTO COMPOSITION (id_etudiant,id_matiere,session,ann_univ,valeur_note,commentaire) VALUES (41,28,'Rattrapage','2025-2026',18.6,'Evaluation');
INSERT INTO COMPOSITION (id_etudiant,id_matiere,session,ann_univ,valeur_note,commentaire) VALUES (49,37,'Rattrapage','2025-2026',15.08,'Evaluation');
INSERT INTO COMPOSITION (id_etudiant,id_matiere,session,ann_univ,valeur_note,commentaire) VALUES (41,5,'Rattrapage','2025-2026',12.61,'Evaluation');
INSERT INTO COMPOSITION (id_etudiant,id_matiere,session,ann_univ,valeur_note,commentaire) VALUES (52,9,'Rattrapage','2025-2026',17.68,'Evaluation');
INSERT INTO COMPOSITION (id_etudiant,id_matiere,session,ann_univ,valeur_note,commentaire) VALUES (47,33,'Normale','2025-2026',17.61,'Evaluation');
INSERT INTO COMPOSITION (id_etudiant,id_matiere,session,ann_univ,valeur_note,commentaire) VALUES (62,5,'Normale','2025-2026',18.15,'Evaluation');
INSERT INTO COMPOSITION (id_etudiant,id_matiere,session,ann_univ,valeur_note,commentaire) VALUES (94,35,'Normale','2025-2026',7.72,'Evaluation');
INSERT INTO COMPOSITION (id_etudiant,id_matiere,session,ann_univ,valeur_note,commentaire) VALUES (49,46,'Rattrapage','2025-2026',6.46,'Evaluation');
INSERT INTO COMPOSITION (id_etudiant,id_matiere,session,ann_univ,valeur_note,commentaire) VALUES (16,1,'Normale','2025-2026',6.92,'Evaluation');
INSERT INTO COMPOSITION (id_etudiant,id_matiere,session,ann_univ,valeur_note,commentaire) VALUES (8,50,'Normale','2025-2026',8.88,'Evaluation');
INSERT INTO COMPOSITION (id_etudiant,id_matiere,session,ann_univ,valeur_note,commentaire) VALUES (25,15,'Normale','2025-2026',17.13,'Evaluation');
INSERT INTO COMPOSITION (id_etudiant,id_matiere,session,ann_univ,valeur_note,commentaire) VALUES (18,3,'Rattrapage','2025-2026',16.44,'Evaluation');
INSERT INTO COMPOSITION (id_etudiant,id_matiere,session,ann_univ,valeur_note,commentaire) VALUES (77,1,'Rattrapage','2025-2026',7.75,'Evaluation');
INSERT INTO COMPOSITION (id_etudiant,id_matiere,session,ann_univ,valeur_note,commentaire) VALUES (12,42,'Rattrapage','2025-2026',15.2,'Evaluation');
INSERT INTO COMPOSITION (id_etudiant,id_matiere,session,ann_univ,valeur_note,commentaire) VALUES (45,2,'Rattrapage','2025-2026',10.03,'Evaluation');
INSERT INTO COMPOSITION (id_etudiant,id_matiere,session,ann_univ,valeur_note,commentaire) VALUES (67,27,'Rattrapage','2025-2026',6.34,'Evaluation');
INSERT INTO COMPOSITION (id_etudiant,id_matiere,session,ann_univ,valeur_note,commentaire) VALUES (39,3,'Rattrapage','2025-2026',10.33,'Evaluation');
INSERT INTO COMPOSITION (id_etudiant,id_matiere,session,ann_univ,valeur_note,commentaire) VALUES (29,2,'Rattrapage','2025-2026',16.16,'Evaluation');
INSERT INTO COMPOSITION (id_etudiant,id_matiere,session,ann_univ,valeur_note,commentaire) VALUES (7,10,'Normale','2025-2026',9.61,'Evaluation');
INSERT INTO COMPOSITION (id_etudiant,id_matiere,session,ann_univ,valeur_note,commentaire) VALUES (49,27,'Rattrapage','2025-2026',16.82,'Evaluation');
INSERT INTO COMPOSITION (id_etudiant,id_matiere,session,ann_univ,valeur_note,commentaire) VALUES (91,25,'Rattrapage','2025-2026',9.97,'Evaluation');
INSERT INTO COMPOSITION (id_etudiant,id_matiere,session,ann_univ,valeur_note,commentaire) VALUES (70,14,'Rattrapage','2025-2026',8.91,'Evaluation');
INSERT INTO COMPOSITION (id_etudiant,id_matiere,session,ann_univ,valeur_note,commentaire) VALUES (15,30,'Normale','2025-2026',9.41,'Evaluation');
INSERT INTO COMPOSITION (id_etudiant,id_matiere,session,ann_univ,valeur_note,commentaire) VALUES (41,29,'Normale','2025-2026',17.77,'Evaluation');
INSERT INTO COMPOSITION (id_etudiant,id_matiere,session,ann_univ,valeur_note,commentaire) VALUES (100,37,'Normale','2025-2026',12.06,'Evaluation');
INSERT INTO COMPOSITION (id_etudiant,id_matiere,session,ann_univ,valeur_note,commentaire) VALUES (54,47,'Rattrapage','2025-2026',18.0,'Evaluation');
INSERT INTO COMPOSITION (id_etudiant,id_matiere,session,ann_univ,valeur_note,commentaire) VALUES (69,8,'Rattrapage','2025-2026',13.75,'Evaluation');
INSERT INTO COMPOSITION (id_etudiant,id_matiere,session,ann_univ,valeur_note,commentaire) VALUES (42,46,'Rattrapage','2025-2026',19.16,'Evaluation');
INSERT INTO COMPOSITION (id_etudiant,id_matiere,session,ann_univ,valeur_note,commentaire) VALUES (68,9,'Normale','2025-2026',6.07,'Evaluation');
INSERT INTO COMPOSITION (id_etudiant,id_matiere,session,ann_univ,valeur_note,commentaire) VALUES (79,40,'Normale','2025-2026',18.34,'Evaluation');
INSERT INTO COMPOSITION (id_etudiant,id_matiere,session,ann_univ,valeur_note,commentaire) VALUES (39,30,'Rattrapage','2025-2026',12.51,'Evaluation');
INSERT INTO COMPOSITION (id_etudiant,id_matiere,session,ann_univ,valeur_note,commentaire) VALUES (93,29,'Normale','2025-2026',18.01,'Evaluation');
INSERT INTO COMPOSITION (id_etudiant,id_matiere,session,ann_univ,valeur_note,commentaire) VALUES (100,45,'Normale','2025-2026',10.73,'Evaluation');
INSERT INTO COMPOSITION (id_etudiant,id_matiere,session,ann_univ,valeur_note,commentaire) VALUES (46,26,'Normale','2025-2026',9.48,'Evaluation');
INSERT INTO COMPOSITION (id_etudiant,id_matiere,session,ann_univ,valeur_note,commentaire) VALUES (32,10,'Normale','2025-2026',5.81,'Evaluation');
INSERT INTO COMPOSITION (id_etudiant,id_matiere,session,ann_univ,valeur_note,commentaire) VALUES (55,45,'Rattrapage','2025-2026',17.81,'Evaluation');
INSERT INTO COMPOSITION (id_etudiant,id_matiere,session,ann_univ,valeur_note,commentaire) VALUES (45,28,'Rattrapage','2025-2026',7.06,'Evaluation');
INSERT INTO COMPOSITION (id_etudiant,id_matiere,session,ann_univ,valeur_note,commentaire) VALUES (83,22,'Normale','2025-2026',8.0,'Evaluation');
INSERT INTO COMPOSITION (id_etudiant,id_matiere,session,ann_univ,valeur_note,commentaire) VALUES (67,10,'Rattrapage','2025-2026',11.14,'Evaluation');
INSERT INTO COMPOSITION (id_etudiant,id_matiere,session,ann_univ,valeur_note,commentaire) VALUES (72,33,'Rattrapage','2025-2026',13.54,'Evaluation');
INSERT INTO COMPOSITION (id_etudiant,id_matiere,session,ann_univ,valeur_note,commentaire) VALUES (57,23,'Normale','2025-2026',18.6,'Evaluation');
INSERT INTO COMPOSITION (id_etudiant,id_matiere,session,ann_univ,valeur_note,commentaire) VALUES (90,1,'Normale','2025-2026',11.86,'Evaluation');
INSERT INTO COMPOSITION (id_etudiant,id_matiere,session,ann_univ,valeur_note,commentaire) VALUES (81,12,'Normale','2025-2026',9.75,'Evaluation');
INSERT INTO COMPOSITION (id_etudiant,id_matiere,session,ann_univ,valeur_note,commentaire) VALUES (93,1,'Normale','2025-2026',15.74,'Evaluation');
INSERT INTO COMPOSITION (id_etudiant,id_matiere,session,ann_univ,valeur_note,commentaire) VALUES (35,13,'Normale','2025-2026',16.68,'Evaluation');
INSERT INTO COMPOSITION (id_etudiant,id_matiere,session,ann_univ,valeur_note,commentaire) VALUES (80,30,'Rattrapage','2025-2026',12.31,'Evaluation');
INSERT INTO COMPOSITION (id_etudiant,id_matiere,session,ann_univ,valeur_note,commentaire) VALUES (31,14,'Normale','2025-2026',14.47,'Evaluation');
INSERT INTO COMPOSITION (id_etudiant,id_matiere,session,ann_univ,valeur_note,commentaire) VALUES (52,10,'Rattrapage','2025-2026',7.65,'Evaluation');
INSERT INTO COMPOSITION (id_etudiant,id_matiere,session,ann_univ,valeur_note,commentaire) VALUES (32,49,'Rattrapage','2025-2026',14.52,'Evaluation');
INSERT INTO COMPOSITION (id_etudiant,id_matiere,session,ann_univ,valeur_note,commentaire) VALUES (79,15,'Normale','2025-2026',5.07,'Evaluation');
INSERT INTO COMPOSITION (id_etudiant,id_matiere,session,ann_univ,valeur_note,commentaire) VALUES (13,27,'Rattrapage','2025-2026',9.1,'Evaluation');
INSERT INTO COMPOSITION (id_etudiant,id_matiere,session,ann_univ,valeur_note,commentaire) VALUES (77,25,'Rattrapage','2025-2026',16.42,'Evaluation');
INSERT INTO COMPOSITION (id_etudiant,id_matiere,session,ann_univ,valeur_note,commentaire) VALUES (15,50,'Rattrapage','2025-2026',7.53,'Evaluation');
INSERT INTO COMPOSITION (id_etudiant,id_matiere,session,ann_univ,valeur_note,commentaire) VALUES (65,36,'Rattrapage','2025-2026',16.47,'Evaluation');
INSERT INTO COMPOSITION (id_etudiant,id_matiere,session,ann_univ,valeur_note,commentaire) VALUES (10,29,'Normale','2025-2026',12.34,'Evaluation');
INSERT INTO COMPOSITION (id_etudiant,id_matiere,session,ann_univ,valeur_note,commentaire) VALUES (7,16,'Rattrapage','2025-2026',16.45,'Evaluation');
INSERT INTO COMPOSITION (id_etudiant,id_matiere,session,ann_univ,valeur_note,commentaire) VALUES (17,12,'Normale','2025-2026',6.32,'Evaluation');
INSERT INTO COMPOSITION (id_etudiant,id_matiere,session,ann_univ,valeur_note,commentaire) VALUES (43,19,'Rattrapage','2025-2026',14.22,'Evaluation');
INSERT INTO COMPOSITION (id_etudiant,id_matiere,session,ann_univ,valeur_note,commentaire) VALUES (4,25,'Rattrapage','2025-2026',14.5,'Evaluation');
INSERT INTO COMPOSITION (id_etudiant,id_matiere,session,ann_univ,valeur_note,commentaire) VALUES (25,9,'Normale','2025-2026',11.05,'Evaluation');
INSERT INTO COMPOSITION (id_etudiant,id_matiere,session,ann_univ,valeur_note,commentaire) VALUES (82,45,'Normale','2025-2026',19.48,'Evaluation');
INSERT INTO COMPOSITION (id_etudiant,id_matiere,session,ann_univ,valeur_note,commentaire) VALUES (37,35,'Rattrapage','2025-2026',10.75,'Evaluation');
INSERT INTO COMPOSITION (id_etudiant,id_matiere,session,ann_univ,valeur_note,commentaire) VALUES (84,50,'Normale','2025-2026',5.57,'Evaluation');
INSERT INTO COMPOSITION (id_etudiant,id_matiere,session,ann_univ,valeur_note,commentaire) VALUES (39,13,'Rattrapage','2025-2026',7.99,'Evaluation');
INSERT INTO COMPOSITION (id_etudiant,id_matiere,session,ann_univ,valeur_note,commentaire) VALUES (72,44,'Rattrapage','2025-2026',10.6,'Evaluation');
INSERT INTO COMPOSITION (id_etudiant,id_matiere,session,ann_univ,valeur_note,commentaire) VALUES (14,37,'Normale','2025-2026',5.21,'Evaluation');
INSERT INTO COMPOSITION (id_etudiant,id_matiere,session,ann_univ,valeur_note,commentaire) VALUES (74,26,'Rattrapage','2025-2026',9.83,'Evaluation');
INSERT INTO COMPOSITION (id_etudiant,id_matiere,session,ann_univ,valeur_note,commentaire) VALUES (17,7,'Rattrapage','2025-2026',17.5,'Evaluation');
INSERT INTO COMPOSITION (id_etudiant,id_matiere,session,ann_univ,valeur_note,commentaire) VALUES (24,24,'Rattrapage','2025-2026',7.86,'Evaluation');
INSERT INTO COMPOSITION (id_etudiant,id_matiere,session,ann_univ,valeur_note,commentaire) VALUES (57,43,'Rattrapage','2025-2026',15.15,'Evaluation');
INSERT INTO COMPOSITION (id_etudiant,id_matiere,session,ann_univ,valeur_note,commentaire) VALUES (45,17,'Normale','2025-2026',14.4,'Evaluation');
INSERT INTO COMPOSITION (id_etudiant,id_matiere,session,ann_univ,valeur_note,commentaire) VALUES (66,38,'Normale','2025-2026',8.73,'Evaluation');
INSERT INTO COMPOSITION (id_etudiant,id_matiere,session,ann_univ,valeur_note,commentaire) VALUES (14,9,'Normale','2025-2026',15.4,'Evaluation');
INSERT INTO COMPOSITION (id_etudiant,id_matiere,session,ann_univ,valeur_note,commentaire) VALUES (92,3,'Normale','2025-2026',10.17,'Evaluation');
INSERT INTO COMPOSITION (id_etudiant,id_matiere,session,ann_univ,valeur_note,commentaire) VALUES (82,40,'Rattrapage','2025-2026',6.93,'Evaluation');
INSERT INTO COMPOSITION (id_etudiant,id_matiere,session,ann_univ,valeur_note,commentaire) VALUES (68,24,'Rattrapage','2025-2026',10.75,'Evaluation');
INSERT INTO COMPOSITION (id_etudiant,id_matiere,session,ann_univ,valeur_note,commentaire) VALUES (20,43,'Rattrapage','2025-2026',13.83,'Evaluation');
INSERT INTO COMPOSITION (id_etudiant,id_matiere,session,ann_univ,valeur_note,commentaire) VALUES (67,25,'Normale','2025-2026',7.51,'Evaluation');
INSERT INTO COMPOSITION (id_etudiant,id_matiere,session,ann_univ,valeur_note,commentaire) VALUES (95,47,'Normale','2025-2026',17.36,'Evaluation');
INSERT INTO COMPOSITION (id_etudiant,id_matiere,session,ann_univ,valeur_note,commentaire) VALUES (39,1,'Normale','2025-2026',9.47,'Evaluation');
INSERT INTO COMPOSITION (id_etudiant,id_matiere,session,ann_univ,valeur_note,commentaire) VALUES (62,35,'Rattrapage','2025-2026',9.36,'Evaluation');
INSERT INTO COMPOSITION (id_etudiant,id_matiere,session,ann_univ,valeur_note,commentaire) VALUES (51,17,'Normale','2025-2026',15.92,'Evaluation');
INSERT INTO COMPOSITION (id_etudiant,id_matiere,session,ann_univ,valeur_note,commentaire) VALUES (56,42,'Normale','2025-2026',13.95,'Evaluation');
INSERT INTO COMPOSITION (id_etudiant,id_matiere,session,ann_univ,valeur_note,commentaire) VALUES (90,16,'Rattrapage','2025-2026',10.07,'Evaluation');
INSERT INTO COMPOSITION (id_etudiant,id_matiere,session,ann_univ,valeur_note,commentaire) VALUES (78,43,'Rattrapage','2025-2026',18.32,'Evaluation');
INSERT INTO COMPOSITION (id_etudiant,id_matiere,session,ann_univ,valeur_note,commentaire) VALUES (23,30,'Rattrapage','2025-2026',19.93,'Evaluation');
INSERT INTO COMPOSITION (id_etudiant,id_matiere,session,ann_univ,valeur_note,commentaire) VALUES (49,25,'Normale','2025-2026',10.14,'Evaluation');
INSERT INTO COMPOSITION (id_etudiant,id_matiere,session,ann_univ,valeur_note,commentaire) VALUES (73,16,'Rattrapage','2025-2026',18.52,'Evaluation');
INSERT INTO COMPOSITION (id_etudiant,id_matiere,session,ann_univ,valeur_note,commentaire) VALUES (28,29,'Rattrapage','2025-2026',10.39,'Evaluation');
INSERT INTO COMPOSITION (id_etudiant,id_matiere,session,ann_univ,valeur_note,commentaire) VALUES (73,2,'Normale','2025-2026',7.83,'Evaluation');
INSERT INTO COMPOSITION (id_etudiant,id_matiere,session,ann_univ,valeur_note,commentaire) VALUES (16,3,'Rattrapage','2025-2026',19.22,'Evaluation');
INSERT INTO COMPOSITION (id_etudiant,id_matiere,session,ann_univ,valeur_note,commentaire) VALUES (33,49,'Rattrapage','2025-2026',18.77,'Evaluation');
INSERT INTO COMPOSITION (id_etudiant,id_matiere,session,ann_univ,valeur_note,commentaire) VALUES (98,26,'Rattrapage','2025-2026',11.05,'Evaluation');
INSERT INTO COMPOSITION (id_etudiant,id_matiere,session,ann_univ,valeur_note,commentaire) VALUES (70,27,'Normale','2025-2026',8.43,'Evaluation');
INSERT INTO COMPOSITION (id_etudiant,id_matiere,session,ann_univ,valeur_note,commentaire) VALUES (50,18,'Normale','2025-2026',15.91,'Evaluation');
INSERT INTO COMPOSITION (id_etudiant,id_matiere,session,ann_univ,valeur_note,commentaire) VALUES (77,17,'Rattrapage','2025-2026',6.97,'Evaluation');
INSERT INTO COMPOSITION (id_etudiant,id_matiere,session,ann_univ,valeur_note,commentaire) VALUES (38,48,'Rattrapage','2025-2026',16.01,'Evaluation');
INSERT INTO COMPOSITION (id_etudiant,id_matiere,session,ann_univ,valeur_note,commentaire) VALUES (21,13,'Normale','2025-2026',13.85,'Evaluation');
INSERT INTO COMPOSITION (id_etudiant,id_matiere,session,ann_univ,valeur_note,commentaire) VALUES (76,38,'Normale','2025-2026',7.53,'Evaluation');
INSERT INTO COMPOSITION (id_etudiant,id_matiere,session,ann_univ,valeur_note,commentaire) VALUES (18,49,'Rattrapage','2025-2026',10.5,'Evaluation');
INSERT INTO COMPOSITION (id_etudiant,id_matiere,session,ann_univ,valeur_note,commentaire) VALUES (55,13,'Normale','2025-2026',14.76,'Evaluation');
INSERT INTO COMPOSITION (id_etudiant,id_matiere,session,ann_univ,valeur_note,commentaire) VALUES (63,21,'Normale','2025-2026',5.56,'Evaluation');
INSERT INTO COMPOSITION (id_etudiant,id_matiere,session,ann_univ,valeur_note,commentaire) VALUES (54,32,'Normale','2025-2026',18.15,'Evaluation');
INSERT INTO COMPOSITION (id_etudiant,id_matiere,session,ann_univ,valeur_note,commentaire) VALUES (34,42,'Rattrapage','2025-2026',8.84,'Evaluation');
INSERT INTO COMPOSITION (id_etudiant,id_matiere,session,ann_univ,valeur_note,commentaire) VALUES (53,20,'Rattrapage','2025-2026',13.02,'Evaluation');
INSERT INTO COMPOSITION (id_etudiant,id_matiere,session,ann_univ,valeur_note,commentaire) VALUES (48,44,'Normale','2025-2026',5.73,'Evaluation');
INSERT INTO COMPOSITION (id_etudiant,id_matiere,session,ann_univ,valeur_note,commentaire) VALUES (41,31,'Rattrapage','2025-2026',19.92,'Evaluation');
INSERT INTO COMPOSITION (id_etudiant,id_matiere,session,ann_univ,valeur_note,commentaire) VALUES (3,43,'Rattrapage','2025-2026',14.93,'Evaluation');
INSERT INTO COMPOSITION (id_etudiant,id_matiere,session,ann_univ,valeur_note,commentaire) VALUES (74,5,'Normale','2025-2026',14.8,'Evaluation');
INSERT INTO COMPOSITION (id_etudiant,id_matiere,session,ann_univ,valeur_note,commentaire) VALUES (59,11,'Rattrapage','2025-2026',5.3,'Evaluation');
INSERT INTO COMPOSITION (id_etudiant,id_matiere,session,ann_univ,valeur_note,commentaire) VALUES (25,40,'Rattrapage','2025-2026',15.35,'Evaluation');
INSERT INTO COMPOSITION (id_etudiant,id_matiere,session,ann_univ,valeur_note,commentaire) VALUES (85,43,'Rattrapage','2025-2026',11.25,'Evaluation');
INSERT INTO COMPOSITION (id_etudiant,id_matiere,session,ann_univ,valeur_note,commentaire) VALUES (75,26,'Rattrapage','2025-2026',10.7,'Evaluation');
INSERT INTO COMPOSITION (id_etudiant,id_matiere,session,ann_univ,valeur_note,commentaire) VALUES (57,30,'Normale','2025-2026',13.21,'Evaluation');
INSERT INTO COMPOSITION (id_etudiant,id_matiere,session,ann_univ,valeur_note,commentaire) VALUES (44,11,'Rattrapage','2025-2026',12.12,'Evaluation');
INSERT INTO COMPOSITION (id_etudiant,id_matiere,session,ann_univ,valeur_note,commentaire) VALUES (47,8,'Normale','2025-2026',7.3,'Evaluation');
INSERT INTO COMPOSITION (id_etudiant,id_matiere,session,ann_univ,valeur_note,commentaire) VALUES (88,49,'Normale','2025-2026',15.43,'Evaluation');
INSERT INTO COMPOSITION (id_etudiant,id_matiere,session,ann_univ,valeur_note,commentaire) VALUES (89,16,'Normale','2025-2026',14.45,'Evaluation');
INSERT INTO COMPOSITION (id_etudiant,id_matiere,session,ann_univ,valeur_note,commentaire) VALUES (13,31,'Normale','2025-2026',9.52,'Evaluation');
INSERT INTO COMPOSITION (id_etudiant,id_matiere,session,ann_univ,valeur_note,commentaire) VALUES (60,50,'Normale','2025-2026',14.92,'Evaluation');
INSERT INTO COMPOSITION (id_etudiant,id_matiere,session,ann_univ,valeur_note,commentaire) VALUES (22,34,'Rattrapage','2025-2026',14.94,'Evaluation');
INSERT INTO COMPOSITION (id_etudiant,id_matiere,session,ann_univ,valeur_note,commentaire) VALUES (58,23,'Normale','2025-2026',9.05,'Evaluation');
INSERT INTO COMPOSITION (id_etudiant,id_matiere,session,ann_univ,valeur_note,commentaire) VALUES (79,19,'Rattrapage','2025-2026',14.08,'Evaluation');
INSERT INTO COMPOSITION (id_etudiant,id_matiere,session,ann_univ,valeur_note,commentaire) VALUES (81,42,'Rattrapage','2025-2026',7.06,'Evaluation');
INSERT INTO COMPOSITION (id_etudiant,id_matiere,session,ann_univ,valeur_note,commentaire) VALUES (48,11,'Rattrapage','2025-2026',17.46,'Evaluation');
INSERT INTO COMPOSITION (id_etudiant,id_matiere,session,ann_univ,valeur_note,commentaire) VALUES (74,25,'Rattrapage','2025-2026',6.57,'Evaluation');
INSERT INTO COMPOSITION (id_etudiant,id_matiere,session,ann_univ,valeur_note,commentaire) VALUES (86,4,'Normale','2025-2026',15.78,'Evaluation');
INSERT INTO COMPOSITION (id_etudiant,id_matiere,session,ann_univ,valeur_note,commentaire) VALUES (11,28,'Normale','2025-2026',6.77,'Evaluation');
INSERT INTO COMPOSITION (id_etudiant,id_matiere,session,ann_univ,valeur_note,commentaire) VALUES (76,8,'Rattrapage','2025-2026',6.71,'Evaluation');
INSERT INTO COMPOSITION (id_etudiant,id_matiere,session,ann_univ,valeur_note,commentaire) VALUES (83,4,'Normale','2025-2026',6.59,'Evaluation');
INSERT INTO COMPOSITION (id_etudiant,id_matiere,session,ann_univ,valeur_note,commentaire) VALUES (45,20,'Rattrapage','2025-2026',7.98,'Evaluation');
INSERT INTO COMPOSITION (id_etudiant,id_matiere,session,ann_univ,valeur_note,commentaire) VALUES (50,10,'Normale','2025-2026',8.0,'Evaluation');
INSERT INTO COMPOSITION (id_etudiant,id_matiere,session,ann_univ,valeur_note,commentaire) VALUES (90,9,'Normale','2025-2026',8.94,'Evaluation');
INSERT INTO COMPOSITION (id_etudiant,id_matiere,session,ann_univ,valeur_note,commentaire) VALUES (82,6,'Rattrapage','2025-2026',12.85,'Evaluation');
INSERT INTO COMPOSITION (id_etudiant,id_matiere,session,ann_univ,valeur_note,commentaire) VALUES (84,11,'Rattrapage','2025-2026',8.03,'Evaluation');
INSERT INTO COMPOSITION (id_etudiant,id_matiere,session,ann_univ,valeur_note,commentaire) VALUES (58,30,'Rattrapage','2025-2026',15.55,'Evaluation');
INSERT INTO COMPOSITION (id_etudiant,id_matiere,session,ann_univ,valeur_note,commentaire) VALUES (53,40,'Rattrapage','2025-2026',9.43,'Evaluation');
INSERT INTO COMPOSITION (id_etudiant,id_matiere,session,ann_univ,valeur_note,commentaire) VALUES (67,44,'Rattrapage','2025-2026',5.59,'Evaluation');
INSERT INTO COMPOSITION (id_etudiant,id_matiere,session,ann_univ,valeur_note,commentaire) VALUES (36,38,'Normale','2025-2026',12.45,'Evaluation');
INSERT INTO COMPOSITION (id_etudiant,id_matiere,session,ann_univ,valeur_note,commentaire) VALUES (72,32,'Normale','2025-2026',8.12,'Evaluation');
INSERT INTO COMPOSITION (id_etudiant,id_matiere,session,ann_univ,valeur_note,commentaire) VALUES (29,21,'Normale','2025-2026',19.0,'Evaluation');
INSERT INTO COMPOSITION (id_etudiant,id_matiere,session,ann_univ,valeur_note,commentaire) VALUES (39,20,'Rattrapage','2025-2026',9.96,'Evaluation');
INSERT INTO COMPOSITION (id_etudiant,id_matiere,session,ann_univ,valeur_note,commentaire) VALUES (75,25,'Rattrapage','2025-2026',5.04,'Evaluation');
INSERT INTO COMPOSITION (id_etudiant,id_matiere,session,ann_univ,valeur_note,commentaire) VALUES (70,49,'Normale','2025-2026',15.07,'Evaluation');
INSERT INTO COMPOSITION (id_etudiant,id_matiere,session,ann_univ,valeur_note,commentaire) VALUES (98,15,'Rattrapage','2025-2026',18.6,'Evaluation');
INSERT INTO COMPOSITION (id_etudiant,id_matiere,session,ann_univ,valeur_note,commentaire) VALUES (1,49,'Normale','2025-2026',17.53,'Evaluation');
INSERT INTO COMPOSITION (id_etudiant,id_matiere,session,ann_univ,valeur_note,commentaire) VALUES (95,45,'Rattrapage','2025-2026',15.04,'Evaluation');
INSERT INTO COMPOSITION (id_etudiant,id_matiere,session,ann_univ,valeur_note,commentaire) VALUES (96,31,'Normale','2025-2026',7.24,'Evaluation');
INSERT INTO COMPOSITION (id_etudiant,id_matiere,session,ann_univ,valeur_note,commentaire) VALUES (83,35,'Rattrapage','2025-2026',6.35,'Evaluation');
INSERT INTO COMPOSITION (id_etudiant,id_matiere,session,ann_univ,valeur_note,commentaire) VALUES (11,18,'Normale','2025-2026',12.68,'Evaluation');
INSERT INTO COMPOSITION (id_etudiant,id_matiere,session,ann_univ,valeur_note,commentaire) VALUES (100,35,'Rattrapage','2025-2026',15.85,'Evaluation');
INSERT INTO COMPOSITION (id_etudiant,id_matiere,session,ann_univ,valeur_note,commentaire) VALUES (100,23,'Rattrapage','2025-2026',6.52,'Evaluation');
INSERT INTO COMPOSITION (id_etudiant,id_matiere,session,ann_univ,valeur_note,commentaire) VALUES (74,8,'Rattrapage','2025-2026',8.84,'Evaluation');
INSERT INTO COMPOSITION (id_etudiant,id_matiere,session,ann_univ,valeur_note,commentaire) VALUES (10,6,'Rattrapage','2025-2026',8.47,'Evaluation');
INSERT INTO COMPOSITION (id_etudiant,id_matiere,session,ann_univ,valeur_note,commentaire) VALUES (87,20,'Normale','2025-2026',19.83,'Evaluation');
INSERT INTO COMPOSITION (id_etudiant,id_matiere,session,ann_univ,valeur_note,commentaire) VALUES (6,7,'Rattrapage','2025-2026',9.44,'Evaluation');
INSERT INTO COMPOSITION (id_etudiant,id_matiere,session,ann_univ,valeur_note,commentaire) VALUES (65,19,'Rattrapage','2025-2026',11.96,'Evaluation');
INSERT INTO COMPOSITION (id_etudiant,id_matiere,session,ann_univ,valeur_note,commentaire) VALUES (50,9,'Rattrapage','2025-2026',6.5,'Evaluation');
INSERT INTO COMPOSITION (id_etudiant,id_matiere,session,ann_univ,valeur_note,commentaire) VALUES (43,6,'Normale','2025-2026',7.62,'Evaluation');
INSERT INTO COMPOSITION (id_etudiant,id_matiere,session,ann_univ,valeur_note,commentaire) VALUES (61,2,'Rattrapage','2025-2026',5.59,'Evaluation');
INSERT INTO COMPOSITION (id_etudiant,id_matiere,session,ann_univ,valeur_note,commentaire) VALUES (30,47,'Rattrapage','2025-2026',9.36,'Evaluation');
INSERT INTO COMPOSITION (id_etudiant,id_matiere,session,ann_univ,valeur_note,commentaire) VALUES (31,17,'Normale','2025-2026',17.02,'Evaluation');
INSERT INTO COMPOSITION (id_etudiant,id_matiere,session,ann_univ,valeur_note,commentaire) VALUES (40,43,'Normale','2025-2026',9.69,'Evaluation');
INSERT INTO COMPOSITION (id_etudiant,id_matiere,session,ann_univ,valeur_note,commentaire) VALUES (76,37,'Normale','2025-2026',16.08,'Evaluation');
INSERT INTO COMPOSITION (id_etudiant,id_matiere,session,ann_univ,valeur_note,commentaire) VALUES (23,2,'Rattrapage','2025-2026',6.42,'Evaluation');
INSERT INTO COMPOSITION (id_etudiant,id_matiere,session,ann_univ,valeur_note,commentaire) VALUES (96,26,'Rattrapage','2025-2026',16.37,'Evaluation');
INSERT INTO COMPOSITION (id_etudiant,id_matiere,session,ann_univ,valeur_note,commentaire) VALUES (39,21,'Normale','2025-2026',5.69,'Evaluation');
INSERT INTO COMPOSITION (id_etudiant,id_matiere,session,ann_univ,valeur_note,commentaire) VALUES (88,50,'Normale','2025-2026',17.78,'Evaluation');
INSERT INTO COMPOSITION (id_etudiant,id_matiere,session,ann_univ,valeur_note,commentaire) VALUES (32,4,'Normale','2025-2026',14.95,'Evaluation');
INSERT INTO COMPOSITION (id_etudiant,id_matiere,session,ann_univ,valeur_note,commentaire) VALUES (79,6,'Normale','2025-2026',7.56,'Evaluation');
INSERT INTO COMPOSITION (id_etudiant,id_matiere,session,ann_univ,valeur_note,commentaire) VALUES (8,36,'Rattrapage','2025-2026',10.36,'Evaluation');
INSERT INTO COMPOSITION (id_etudiant,id_matiere,session,ann_univ,valeur_note,commentaire) VALUES (81,29,'Normale','2025-2026',11.57,'Evaluation');
INSERT INTO COMPOSITION (id_etudiant,id_matiere,session,ann_univ,valeur_note,commentaire) VALUES (7,19,'Rattrapage','2025-2026',14.33,'Evaluation');
INSERT INTO COMPOSITION (id_etudiant,id_matiere,session,ann_univ,valeur_note,commentaire) VALUES (53,9,'Normale','2025-2026',18.18,'Evaluation');
INSERT INTO COMPOSITION (id_etudiant,id_matiere,session,ann_univ,valeur_note,commentaire) VALUES (23,50,'Rattrapage','2025-2026',6.39,'Evaluation');
INSERT INTO COMPOSITION (id_etudiant,id_matiere,session,ann_univ,valeur_note,commentaire) VALUES (90,15,'Rattrapage','2025-2026',17.22,'Evaluation');
INSERT INTO COMPOSITION (id_etudiant,id_matiere,session,ann_univ,valeur_note,commentaire) VALUES (53,25,'Normale','2025-2026',7.74,'Evaluation');
INSERT INTO COMPOSITION (id_etudiant,id_matiere,session,ann_univ,valeur_note,commentaire) VALUES (50,1,'Normale','2025-2026',11.01,'Evaluation');
INSERT INTO COMPOSITION (id_etudiant,id_matiere,session,ann_univ,valeur_note,commentaire) VALUES (7,7,'Rattrapage','2025-2026',19.43,'Evaluation');
INSERT INTO COMPOSITION (id_etudiant,id_matiere,session,ann_univ,valeur_note,commentaire) VALUES (73,32,'Rattrapage','2025-2026',9.08,'Evaluation');
INSERT INTO COMPOSITION (id_etudiant,id_matiere,session,ann_univ,valeur_note,commentaire) VALUES (30,35,'Normale','2025-2026',10.79,'Evaluation');
INSERT INTO COMPOSITION (id_etudiant,id_matiere,session,ann_univ,valeur_note,commentaire) VALUES (43,1,'Rattrapage','2025-2026',17.76,'Evaluation');
INSERT INTO COMPOSITION (id_etudiant,id_matiere,session,ann_univ,valeur_note,commentaire) VALUES (44,23,'Normale','2025-2026',17.0,'Evaluation');
INSERT INTO COMPOSITION (id_etudiant,id_matiere,session,ann_univ,valeur_note,commentaire) VALUES (53,45,'Normale','2025-2026',14.73,'Evaluation');
INSERT INTO COMPOSITION (id_etudiant,id_matiere,session,ann_univ,valeur_note,commentaire) VALUES (9,46,'Normale','2025-2026',16.95,'Evaluation');
INSERT INTO COMPOSITION (id_etudiant,id_matiere,session,ann_univ,valeur_note,commentaire) VALUES (26,8,'Normale','2025-2026',6.7,'Evaluation');
INSERT INTO COMPOSITION (id_etudiant,id_matiere,session,ann_univ,valeur_note,commentaire) VALUES (96,14,'Normale','2025-2026',15.44,'Evaluation');
INSERT INTO COMPOSITION (id_etudiant,id_matiere,session,ann_univ,valeur_note,commentaire) VALUES (27,18,'Normale','2025-2026',5.88,'Evaluation');
INSERT INTO COMPOSITION (id_etudiant,id_matiere,session,ann_univ,valeur_note,commentaire) VALUES (76,48,'Normale','2025-2026',19.14,'Evaluation');
INSERT INTO COMPOSITION (id_etudiant,id_matiere,session,ann_univ,valeur_note,commentaire) VALUES (16,49,'Rattrapage','2025-2026',7.39,'Evaluation');
INSERT INTO COMPOSITION (id_etudiant,id_matiere,session,ann_univ,valeur_note,commentaire) VALUES (28,28,'Normale','2025-2026',11.24,'Evaluation');
INSERT INTO COMPOSITION (id_etudiant,id_matiere,session,ann_univ,valeur_note,commentaire) VALUES (50,29,'Rattrapage','2025-2026',13.86,'Evaluation');
INSERT INTO COMPOSITION (id_etudiant,id_matiere,session,ann_univ,valeur_note,commentaire) VALUES (37,42,'Normale','2025-2026',17.03,'Evaluation');
INSERT INTO COMPOSITION (id_etudiant,id_matiere,session,ann_univ,valeur_note,commentaire) VALUES (30,30,'Rattrapage','2025-2026',15.18,'Evaluation');
INSERT INTO COMPOSITION (id_etudiant,id_matiere,session,ann_univ,valeur_note,commentaire) VALUES (9,22,'Normale','2025-2026',7.72,'Evaluation');
INSERT INTO COMPOSITION (id_etudiant,id_matiere,session,ann_univ,valeur_note,commentaire) VALUES (33,13,'Rattrapage','2025-2026',10.7,'Evaluation');
INSERT INTO COMPOSITION (id_etudiant,id_matiere,session,ann_univ,valeur_note,commentaire) VALUES (38,3,'Rattrapage','2025-2026',10.38,'Evaluation');
INSERT INTO COMPOSITION (id_etudiant,id_matiere,session,ann_univ,valeur_note,commentaire) VALUES (22,21,'Rattrapage','2025-2026',5.43,'Evaluation');
INSERT INTO COMPOSITION (id_etudiant,id_matiere,session,ann_univ,valeur_note,commentaire) VALUES (49,12,'Rattrapage','2025-2026',15.27,'Evaluation');
INSERT INTO COMPOSITION (id_etudiant,id_matiere,session,ann_univ,valeur_note,commentaire) VALUES (11,24,'Rattrapage','2025-2026',17.58,'Evaluation');
INSERT INTO COMPOSITION (id_etudiant,id_matiere,session,ann_univ,valeur_note,commentaire) VALUES (58,49,'Rattrapage','2025-2026',19.6,'Evaluation');
INSERT INTO COMPOSITION (id_etudiant,id_matiere,session,ann_univ,valeur_note,commentaire) VALUES (18,41,'Rattrapage','2025-2026',6.96,'Evaluation');
INSERT INTO COMPOSITION (id_etudiant,id_matiere,session,ann_univ,valeur_note,commentaire) VALUES (82,43,'Rattrapage','2025-2026',18.81,'Evaluation');
INSERT INTO COMPOSITION (id_etudiant,id_matiere,session,ann_univ,valeur_note,commentaire) VALUES (18,13,'Rattrapage','2025-2026',6.69,'Evaluation');
INSERT INTO COMPOSITION (id_etudiant,id_matiere,session,ann_univ,valeur_note,commentaire) VALUES (65,38,'Rattrapage','2025-2026',11.17,'Evaluation');
INSERT INTO COMPOSITION (id_etudiant,id_matiere,session,ann_univ,valeur_note,commentaire) VALUES (8,19,'Rattrapage','2025-2026',5.69,'Evaluation');
INSERT INTO COMPOSITION (id_etudiant,id_matiere,session,ann_univ,valeur_note,commentaire) VALUES (91,15,'Rattrapage','2025-2026',8.92,'Evaluation');
INSERT INTO COMPOSITION (id_etudiant,id_matiere,session,ann_univ,valeur_note,commentaire) VALUES (71,33,'Normale','2025-2026',9.71,'Evaluation');
INSERT INTO COMPOSITION (id_etudiant,id_matiere,session,ann_univ,valeur_note,commentaire) VALUES (48,36,'Normale','2025-2026',15.57,'Evaluation');
INSERT INTO COMPOSITION (id_etudiant,id_matiere,session,ann_univ,valeur_note,commentaire) VALUES (95,25,'Rattrapage','2025-2026',15.17,'Evaluation');
INSERT INTO COMPOSITION (id_etudiant,id_matiere,session,ann_univ,valeur_note,commentaire) VALUES (87,35,'Rattrapage','2025-2026',16.51,'Evaluation');
INSERT INTO COMPOSITION (id_etudiant,id_matiere,session,ann_univ,valeur_note,commentaire) VALUES (85,22,'Normale','2025-2026',13.65,'Evaluation');
INSERT INTO COMPOSITION (id_etudiant,id_matiere,session,ann_univ,valeur_note,commentaire) VALUES (19,37,'Normale','2025-2026',13.48,'Evaluation');
INSERT INTO COMPOSITION (id_etudiant,id_matiere,session,ann_univ,valeur_note,commentaire) VALUES (65,24,'Normale','2025-2026',19.67,'Evaluation');
INSERT INTO COMPOSITION (id_etudiant,id_matiere,session,ann_univ,valeur_note,commentaire) VALUES (57,34,'Normale','2025-2026',15.05,'Evaluation');
INSERT INTO COMPOSITION (id_etudiant,id_matiere,session,ann_univ,valeur_note,commentaire) VALUES (16,16,'Rattrapage','2025-2026',10.07,'Evaluation');
INSERT INTO COMPOSITION (id_etudiant,id_matiere,session,ann_univ,valeur_note,commentaire) VALUES (26,42,'Normale','2025-2026',12.85,'Evaluation');
INSERT INTO COMPOSITION (id_etudiant,id_matiere,session,ann_univ,valeur_note,commentaire) VALUES (1,22,'Normale','2025-2026',15.51,'Evaluation');
INSERT INTO COMPOSITION (id_etudiant,id_matiere,session,ann_univ,valeur_note,commentaire) VALUES (33,4,'Rattrapage','2025-2026',6.43,'Evaluation');
INSERT INTO COMPOSITION (id_etudiant,id_matiere,session,ann_univ,valeur_note,commentaire) VALUES (37,27,'Normale','2025-2026',14.93,'Evaluation');
INSERT INTO COMPOSITION (id_etudiant,id_matiere,session,ann_univ,valeur_note,commentaire) VALUES (16,2,'Normale','2025-2026',8.73,'Evaluation');
INSERT INTO COMPOSITION (id_etudiant,id_matiere,session,ann_univ,valeur_note,commentaire) VALUES (94,8,'Normale','2025-2026',10.19,'Evaluation');
INSERT INTO COMPOSITION (id_etudiant,id_matiere,session,ann_univ,valeur_note,commentaire) VALUES (41,42,'Rattrapage','2025-2026',15.14,'Evaluation');
INSERT INTO COMPOSITION (id_etudiant,id_matiere,session,ann_univ,valeur_note,commentaire) VALUES (23,7,'Normale','2025-2026',10.77,'Evaluation');
INSERT INTO COMPOSITION (id_etudiant,id_matiere,session,ann_univ,valeur_note,commentaire) VALUES (79,42,'Normale','2025-2026',17.59,'Evaluation');
INSERT INTO COMPOSITION (id_etudiant,id_matiere,session,ann_univ,valeur_note,commentaire) VALUES (62,42,'Normale','2025-2026',13.38,'Evaluation');
INSERT INTO COMPOSITION (id_etudiant,id_matiere,session,ann_univ,valeur_note,commentaire) VALUES (8,41,'Normale','2025-2026',19.82,'Evaluation');
INSERT INTO COMPOSITION (id_etudiant,id_matiere,session,ann_univ,valeur_note,commentaire) VALUES (66,36,'Normale','2025-2026',5.82,'Evaluation');
INSERT INTO COMPOSITION (id_etudiant,id_matiere,session,ann_univ,valeur_note,commentaire) VALUES (87,39,'Normale','2025-2026',14.65,'Evaluation');
INSERT INTO COMPOSITION (id_etudiant,id_matiere,session,ann_univ,valeur_note,commentaire) VALUES (10,43,'Rattrapage','2025-2026',7.35,'Evaluation');
INSERT INTO COMPOSITION (id_etudiant,id_matiere,session,ann_univ,valeur_note,commentaire) VALUES (54,45,'Rattrapage','2025-2026',17.73,'Evaluation');
INSERT INTO COMPOSITION (id_etudiant,id_matiere,session,ann_univ,valeur_note,commentaire) VALUES (19,38,'Normale','2025-2026',17.78,'Evaluation');
INSERT INTO COMPOSITION (id_etudiant,id_matiere,session,ann_univ,valeur_note,commentaire) VALUES (66,24,'Normale','2025-2026',18.04,'Evaluation');
INSERT INTO COMPOSITION (id_etudiant,id_matiere,session,ann_univ,valeur_note,commentaire) VALUES (14,44,'Normale','2025-2026',6.12,'Evaluation');
INSERT INTO COMPOSITION (id_etudiant,id_matiere,session,ann_univ,valeur_note,commentaire) VALUES (59,7,'Normale','2025-2026',12.37,'Evaluation');
INSERT INTO COMPOSITION (id_etudiant,id_matiere,session,ann_univ,valeur_note,commentaire) VALUES (87,11,'Normale','2025-2026',8.61,'Evaluation');
INSERT INTO COMPOSITION (id_etudiant,id_matiere,session,ann_univ,valeur_note,commentaire) VALUES (63,43,'Rattrapage','2025-2026',19.55,'Evaluation');
INSERT INTO COMPOSITION (id_etudiant,id_matiere,session,ann_univ,valeur_note,commentaire) VALUES (99,14,'Rattrapage','2025-2026',5.76,'Evaluation');
INSERT INTO COMPOSITION (id_etudiant,id_matiere,session,ann_univ,valeur_note,commentaire) VALUES (47,49,'Rattrapage','2025-2026',8.34,'Evaluation');
INSERT INTO COMPOSITION (id_etudiant,id_matiere,session,ann_univ,valeur_note,commentaire) VALUES (98,21,'Normale','2025-2026',14.65,'Evaluation');
INSERT INTO COMPOSITION (id_etudiant,id_matiere,session,ann_univ,valeur_note,commentaire) VALUES (51,1,'Rattrapage','2025-2026',11.05,'Evaluation');
INSERT INTO COMPOSITION (id_etudiant,id_matiere,session,ann_univ,valeur_note,commentaire) VALUES (21,26,'Rattrapage','2025-2026',8.52,'Evaluation');
INSERT INTO COMPOSITION (id_etudiant,id_matiere,session,ann_univ,valeur_note,commentaire) VALUES (83,19,'Rattrapage','2025-2026',11.89,'Evaluation');
INSERT INTO COMPOSITION (id_etudiant,id_matiere,session,ann_univ,valeur_note,commentaire) VALUES (4,10,'Rattrapage','2025-2026',17.02,'Evaluation');
INSERT INTO COMPOSITION (id_etudiant,id_matiere,session,ann_univ,valeur_note,commentaire) VALUES (89,47,'Normale','2025-2026',11.72,'Evaluation');
INSERT INTO COMPOSITION (id_etudiant,id_matiere,session,ann_univ,valeur_note,commentaire) VALUES (31,15,'Rattrapage','2025-2026',17.85,'Evaluation');
INSERT INTO COMPOSITION (id_etudiant,id_matiere,session,ann_univ,valeur_note,commentaire) VALUES (49,36,'Rattrapage','2025-2026',11.71,'Evaluation');
INSERT INTO COMPOSITION (id_etudiant,id_matiere,session,ann_univ,valeur_note,commentaire) VALUES (23,27,'Normale','2025-2026',6.78,'Evaluation');
INSERT INTO COMPOSITION (id_etudiant,id_matiere,session,ann_univ,valeur_note,commentaire) VALUES (14,1,'Normale','2025-2026',12.46,'Evaluation');
INSERT INTO COMPOSITION (id_etudiant,id_matiere,session,ann_univ,valeur_note,commentaire) VALUES (57,40,'Rattrapage','2025-2026',14.8,'Evaluation');
INSERT INTO COMPOSITION (id_etudiant,id_matiere,session,ann_univ,valeur_note,commentaire) VALUES (58,10,'Normale','2025-2026',6.54,'Evaluation');
INSERT INTO COMPOSITION (id_etudiant,id_matiere,session,ann_univ,valeur_note,commentaire) VALUES (64,45,'Rattrapage','2025-2026',11.19,'Evaluation');
INSERT INTO COMPOSITION (id_etudiant,id_matiere,session,ann_univ,valeur_note,commentaire) VALUES (3,22,'Normale','2025-2026',13.36,'Evaluation');
INSERT INTO COMPOSITION (id_etudiant,id_matiere,session,ann_univ,valeur_note,commentaire) VALUES (47,25,'Normale','2025-2026',5.0,'Evaluation');
INSERT INTO COMPOSITION (id_etudiant,id_matiere,session,ann_univ,valeur_note,commentaire) VALUES (42,39,'Rattrapage','2025-2026',6.36,'Evaluation');
INSERT INTO COMPOSITION (id_etudiant,id_matiere,session,ann_univ,valeur_note,commentaire) VALUES (78,33,'Rattrapage','2025-2026',14.06,'Evaluation');
INSERT INTO COMPOSITION (id_etudiant,id_matiere,session,ann_univ,valeur_note,commentaire) VALUES (82,25,'Rattrapage','2025-2026',14.29,'Evaluation');
INSERT INTO COMPOSITION (id_etudiant,id_matiere,session,ann_univ,valeur_note,commentaire) VALUES (74,16,'Rattrapage','2025-2026',9.57,'Evaluation');
INSERT INTO COMPOSITION (id_etudiant,id_matiere,session,ann_univ,valeur_note,commentaire) VALUES (99,38,'Normale','2025-2026',12.63,'Evaluation');
INSERT INTO COMPOSITION (id_etudiant,id_matiere,session,ann_univ,valeur_note,commentaire) VALUES (32,6,'Rattrapage','2025-2026',8.1,'Evaluation');
INSERT INTO COMPOSITION (id_etudiant,id_matiere,session,ann_univ,valeur_note,commentaire) VALUES (51,2,'Normale','2025-2026',15.07,'Evaluation');
INSERT INTO COMPOSITION (id_etudiant,id_matiere,session,ann_univ,valeur_note,commentaire) VALUES (64,20,'Rattrapage','2025-2026',19.26,'Evaluation');
INSERT INTO COMPOSITION (id_etudiant,id_matiere,session,ann_univ,valeur_note,commentaire) VALUES (9,49,'Normale','2025-2026',10.45,'Evaluation');
INSERT INTO COMPOSITION (id_etudiant,id_matiere,session,ann_univ,valeur_note,commentaire) VALUES (63,39,'Rattrapage','2025-2026',5.81,'Evaluation');
INSERT INTO COMPOSITION (id_etudiant,id_matiere,session,ann_univ,valeur_note,commentaire) VALUES (81,21,'Normale','2025-2026',8.34,'Evaluation');
INSERT INTO COMPOSITION (id_etudiant,id_matiere,session,ann_univ,valeur_note,commentaire) VALUES (69,48,'Normale','2025-2026',11.82,'Evaluation');
INSERT INTO COMPOSITION (id_etudiant,id_matiere,session,ann_univ,valeur_note,commentaire) VALUES (14,6,'Rattrapage','2025-2026',13.4,'Evaluation');
INSERT INTO COMPOSITION (id_etudiant,id_matiere,session,ann_univ,valeur_note,commentaire) VALUES (36,1,'Normale','2025-2026',14.3,'Evaluation');
INSERT INTO COMPOSITION (id_etudiant,id_matiere,session,ann_univ,valeur_note,commentaire) VALUES (10,2,'Normale','2025-2026',12.1,'Evaluation');
INSERT INTO COMPOSITION (id_etudiant,id_matiere,session,ann_univ,valeur_note,commentaire) VALUES (54,46,'Rattrapage','2025-2026',14.86,'Evaluation');
INSERT INTO COMPOSITION (id_etudiant,id_matiere,session,ann_univ,valeur_note,commentaire) VALUES (71,1,'Rattrapage','2025-2026',15.74,'Evaluation');
INSERT INTO COMPOSITION (id_etudiant,id_matiere,session,ann_univ,valeur_note,commentaire) VALUES (58,37,'Normale','2025-2026',6.71,'Evaluation');
INSERT INTO COMPOSITION (id_etudiant,id_matiere,session,ann_univ,valeur_note,commentaire) VALUES (20,49,'Normale','2025-2026',16.39,'Evaluation');
INSERT INTO COMPOSITION (id_etudiant,id_matiere,session,ann_univ,valeur_note,commentaire) VALUES (81,44,'Rattrapage','2025-2026',8.33,'Evaluation');
INSERT INTO COMPOSITION (id_etudiant,id_matiere,session,ann_univ,valeur_note,commentaire) VALUES (50,6,'Rattrapage','2025-2026',10.12,'Evaluation');
INSERT INTO COMPOSITION (id_etudiant,id_matiere,session,ann_univ,valeur_note,commentaire) VALUES (27,38,'Normale','2025-2026',17.45,'Evaluation');
INSERT INTO COMPOSITION (id_etudiant,id_matiere,session,ann_univ,valeur_note,commentaire) VALUES (10,25,'Rattrapage','2025-2026',19.47,'Evaluation');
INSERT INTO COMPOSITION (id_etudiant,id_matiere,session,ann_univ,valeur_note,commentaire) VALUES (5,49,'Normale','2025-2026',9.38,'Evaluation');
INSERT INTO COMPOSITION (id_etudiant,id_matiere,session,ann_univ,valeur_note,commentaire) VALUES (29,7,'Rattrapage','2025-2026',12.83,'Evaluation');
INSERT INTO COMPOSITION (id_etudiant,id_matiere,session,ann_univ,valeur_note,commentaire) VALUES (57,11,'Rattrapage','2025-2026',15.53,'Evaluation');
INSERT INTO COMPOSITION (id_etudiant,id_matiere,session,ann_univ,valeur_note,commentaire) VALUES (83,6,'Normale','2025-2026',5.69,'Evaluation');
INSERT INTO COMPOSITION (id_etudiant,id_matiere,session,ann_univ,valeur_note,commentaire) VALUES (17,18,'Rattrapage','2025-2026',7.46,'Evaluation');
INSERT INTO COMPOSITION (id_etudiant,id_matiere,session,ann_univ,valeur_note,commentaire) VALUES (45,22,'Rattrapage','2025-2026',7.11,'Evaluation');
INSERT INTO COMPOSITION (id_etudiant,id_matiere,session,ann_univ,valeur_note,commentaire) VALUES (48,22,'Rattrapage','2025-2026',15.75,'Evaluation');
INSERT INTO COMPOSITION (id_etudiant,id_matiere,session,ann_univ,valeur_note,commentaire) VALUES (8,32,'Normale','2025-2026',15.82,'Evaluation');
INSERT INTO COMPOSITION (id_etudiant,id_matiere,session,ann_univ,valeur_note,commentaire) VALUES (43,28,'Rattrapage','2025-2026',6.6,'Evaluation');
INSERT INTO COMPOSITION (id_etudiant,id_matiere,session,ann_univ,valeur_note,commentaire) VALUES (4,50,'Rattrapage','2025-2026',14.16,'Evaluation');
INSERT INTO COMPOSITION (id_etudiant,id_matiere,session,ann_univ,valeur_note,commentaire) VALUES (99,37,'Normale','2025-2026',7.81,'Evaluation');
INSERT INTO COMPOSITION (id_etudiant,id_matiere,session,ann_univ,valeur_note,commentaire) VALUES (70,19,'Rattrapage','2025-2026',18.95,'Evaluation');
INSERT INTO COMPOSITION (id_etudiant,id_matiere,session,ann_univ,valeur_note,commentaire) VALUES (16,13,'Normale','2025-2026',10.89,'Evaluation');
INSERT INTO COMPOSITION (id_etudiant,id_matiere,session,ann_univ,valeur_note,commentaire) VALUES (68,25,'Rattrapage','2025-2026',11.86,'Evaluation');
INSERT INTO COMPOSITION (id_etudiant,id_matiere,session,ann_univ,valeur_note,commentaire) VALUES (20,44,'Rattrapage','2025-2026',16.72,'Evaluation');
INSERT INTO COMPOSITION (id_etudiant,id_matiere,session,ann_univ,valeur_note,commentaire) VALUES (46,43,'Rattrapage','2025-2026',15.75,'Evaluation');
INSERT INTO COMPOSITION (id_etudiant,id_matiere,session,ann_univ,valeur_note,commentaire) VALUES (81,48,'Normale','2025-2026',6.62,'Evaluation');
INSERT INTO COMPOSITION (id_etudiant,id_matiere,session,ann_univ,valeur_note,commentaire) VALUES (10,13,'Normale','2025-2026',11.22,'Evaluation');
INSERT INTO COMPOSITION (id_etudiant,id_matiere,session,ann_univ,valeur_note,commentaire) VALUES (59,42,'Normale','2025-2026',18.9,'Evaluation');
INSERT INTO COMPOSITION (id_etudiant,id_matiere,session,ann_univ,valeur_note,commentaire) VALUES (60,17,'Normale','2025-2026',17.56,'Evaluation');
INSERT INTO COMPOSITION (id_etudiant,id_matiere,session,ann_univ,valeur_note,commentaire) VALUES (97,22,'Rattrapage','2025-2026',13.83,'Evaluation');
INSERT INTO COMPOSITION (id_etudiant,id_matiere,session,ann_univ,valeur_note,commentaire) VALUES (23,21,'Normale','2025-2026',16.58,'Evaluation');
INSERT INTO COMPOSITION (id_etudiant,id_matiere,session,ann_univ,valeur_note,commentaire) VALUES (13,47,'Rattrapage','2025-2026',11.76,'Evaluation');
INSERT INTO COMPOSITION (id_etudiant,id_matiere,session,ann_univ,valeur_note,commentaire) VALUES (37,29,'Rattrapage','2025-2026',14.88,'Evaluation');
INSERT INTO COMPOSITION (id_etudiant,id_matiere,session,ann_univ,valeur_note,commentaire) VALUES (76,7,'Rattrapage','2025-2026',19.34,'Evaluation');
INSERT INTO COMPOSITION (id_etudiant,id_matiere,session,ann_univ,valeur_note,commentaire) VALUES (37,9,'Normale','2025-2026',7.02,'Evaluation');
INSERT INTO COMPOSITION (id_etudiant,id_matiere,session,ann_univ,valeur_note,commentaire) VALUES (61,34,'Rattrapage','2025-2026',12.48,'Evaluation');
INSERT INTO COMPOSITION (id_etudiant,id_matiere,session,ann_univ,valeur_note,commentaire) VALUES (77,35,'Normale','2025-2026',12.96,'Evaluation');
INSERT INTO COMPOSITION (id_etudiant,id_matiere,session,ann_univ,valeur_note,commentaire) VALUES (13,33,'Normale','2025-2026',5.73,'Evaluation');
INSERT INTO COMPOSITION (id_etudiant,id_matiere,session,ann_univ,valeur_note,commentaire) VALUES (32,48,'Normale','2025-2026',19.03,'Evaluation');
INSERT INTO COMPOSITION (id_etudiant,id_matiere,session,ann_univ,valeur_note,commentaire) VALUES (79,50,'Normale','2025-2026',17.58,'Evaluation');
INSERT INTO COMPOSITION (id_etudiant,id_matiere,session,ann_univ,valeur_note,commentaire) VALUES (81,27,'Rattrapage','2025-2026',12.24,'Evaluation');
INSERT INTO COMPOSITION (id_etudiant,id_matiere,session,ann_univ,valeur_note,commentaire) VALUES (12,48,'Normale','2025-2026',12.62,'Evaluation');
INSERT INTO COMPOSITION (id_etudiant,id_matiere,session,ann_univ,valeur_note,commentaire) VALUES (9,35,'Rattrapage','2025-2026',18.82,'Evaluation');
INSERT INTO COMPOSITION (id_etudiant,id_matiere,session,ann_univ,valeur_note,commentaire) VALUES (1,19,'Rattrapage','2025-2026',7.66,'Evaluation');
INSERT INTO COMPOSITION (id_etudiant,id_matiere,session,ann_univ,valeur_note,commentaire) VALUES (60,8,'Normale','2025-2026',13.68,'Evaluation');
INSERT INTO COMPOSITION (id_etudiant,id_matiere,session,ann_univ,valeur_note,commentaire) VALUES (31,50,'Rattrapage','2025-2026',15.96,'Evaluation');
INSERT INTO COMPOSITION (id_etudiant,id_matiere,session,ann_univ,valeur_note,commentaire) VALUES (17,1,'Rattrapage','2025-2026',6.93,'Evaluation');
INSERT INTO COMPOSITION (id_etudiant,id_matiere,session,ann_univ,valeur_note,commentaire) VALUES (73,39,'Normale','2025-2026',10.81,'Evaluation');
INSERT INTO COMPOSITION (id_etudiant,id_matiere,session,ann_univ,valeur_note,commentaire) VALUES (40,29,'Normale','2025-2026',14.01,'Evaluation');
INSERT INTO COMPOSITION (id_etudiant,id_matiere,session,ann_univ,valeur_note,commentaire) VALUES (90,31,'Normale','2025-2026',18.24,'Evaluation');
INSERT INTO COMPOSITION (id_etudiant,id_matiere,session,ann_univ,valeur_note,commentaire) VALUES (98,5,'Normale','2025-2026',12.56,'Evaluation');
INSERT INTO COMPOSITION (id_etudiant,id_matiere,session,ann_univ,valeur_note,commentaire) VALUES (31,38,'Rattrapage','2025-2026',10.77,'Evaluation');
INSERT INTO COMPOSITION (id_etudiant,id_matiere,session,ann_univ,valeur_note,commentaire) VALUES (28,38,'Rattrapage','2025-2026',19.69,'Evaluation');
INSERT INTO COMPOSITION (id_etudiant,id_matiere,session,ann_univ,valeur_note,commentaire) VALUES (94,23,'Rattrapage','2025-2026',18.74,'Evaluation');
INSERT INTO COMPOSITION (id_etudiant,id_matiere,session,ann_univ,valeur_note,commentaire) VALUES (37,17,'Normale','2025-2026',16.44,'Evaluation');
INSERT INTO COMPOSITION (id_etudiant,id_matiere,session,ann_univ,valeur_note,commentaire) VALUES (30,5,'Rattrapage','2025-2026',9.1,'Evaluation');
INSERT INTO COMPOSITION (id_etudiant,id_matiere,session,ann_univ,valeur_note,commentaire) VALUES (84,42,'Normale','2025-2026',19.45,'Evaluation');
INSERT INTO COMPOSITION (id_etudiant,id_matiere,session,ann_univ,valeur_note,commentaire) VALUES (2,1,'Rattrapage','2025-2026',19.56,'Evaluation');
INSERT INTO COMPOSITION (id_etudiant,id_matiere,session,ann_univ,valeur_note,commentaire) VALUES (72,36,'Rattrapage','2025-2026',11.79,'Evaluation');
INSERT INTO COMPOSITION (id_etudiant,id_matiere,session,ann_univ,valeur_note,commentaire) VALUES (58,24,'Rattrapage','2025-2026',7.0,'Evaluation');
INSERT INTO COMPOSITION (id_etudiant,id_matiere,session,ann_univ,valeur_note,commentaire) VALUES (1,35,'Rattrapage','2025-2026',11.19,'Evaluation');
INSERT INTO COMPOSITION (id_etudiant,id_matiere,session,ann_univ,valeur_note,commentaire) VALUES (33,48,'Normale','2025-2026',15.5,'Evaluation');
INSERT INTO COMPOSITION (id_etudiant,id_matiere,session,ann_univ,valeur_note,commentaire) VALUES (51,21,'Rattrapage','2025-2026',16.23,'Evaluation');
INSERT INTO COMPOSITION (id_etudiant,id_matiere,session,ann_univ,valeur_note,commentaire) VALUES (22,40,'Normale','2025-2026',9.48,'Evaluation');
INSERT INTO COMPOSITION (id_etudiant,id_matiere,session,ann_univ,valeur_note,commentaire) VALUES (22,12,'Normale','2025-2026',15.52,'Evaluation');
INSERT INTO COMPOSITION (id_etudiant,id_matiere,session,ann_univ,valeur_note,commentaire) VALUES (59,6,'Rattrapage','2025-2026',17.91,'Evaluation');
INSERT INTO COMPOSITION (id_etudiant,id_matiere,session,ann_univ,valeur_note,commentaire) VALUES (38,10,'Normale','2025-2026',15.68,'Evaluation');
INSERT INTO COMPOSITION (id_etudiant,id_matiere,session,ann_univ,valeur_note,commentaire) VALUES (7,26,'Rattrapage','2025-2026',19.03,'Evaluation');
INSERT INTO COMPOSITION (id_etudiant,id_matiere,session,ann_univ,valeur_note,commentaire) VALUES (82,32,'Rattrapage','2025-2026',14.49,'Evaluation');
INSERT INTO COMPOSITION (id_etudiant,id_matiere,session,ann_univ,valeur_note,commentaire) VALUES (85,16,'Rattrapage','2025-2026',8.01,'Evaluation');
INSERT INTO COMPOSITION (id_etudiant,id_matiere,session,ann_univ,valeur_note,commentaire) VALUES (9,8,'Rattrapage','2025-2026',14.36,'Evaluation');
INSERT INTO COMPOSITION (id_etudiant,id_matiere,session,ann_univ,valeur_note,commentaire) VALUES (68,30,'Normale','2025-2026',9.36,'Evaluation');
INSERT INTO COMPOSITION (id_etudiant,id_matiere,session,ann_univ,valeur_note,commentaire) VALUES (61,17,'Rattrapage','2025-2026',10.18,'Evaluation');
INSERT INTO COMPOSITION (id_etudiant,id_matiere,session,ann_univ,valeur_note,commentaire) VALUES (13,16,'Normale','2025-2026',15.09,'Evaluation');
INSERT INTO COMPOSITION (id_etudiant,id_matiere,session,ann_univ,valeur_note,commentaire) VALUES (84,23,'Normale','2025-2026',19.72,'Evaluation');
INSERT INTO COMPOSITION (id_etudiant,id_matiere,session,ann_univ,valeur_note,commentaire) VALUES (72,21,'Rattrapage','2025-2026',14.75,'Evaluation');
INSERT INTO COMPOSITION (id_etudiant,id_matiere,session,ann_univ,valeur_note,commentaire) VALUES (93,42,'Rattrapage','2025-2026',19.37,'Evaluation');
INSERT INTO COMPOSITION (id_etudiant,id_matiere,session,ann_univ,valeur_note,commentaire) VALUES (93,26,'Rattrapage','2025-2026',12.56,'Evaluation');
INSERT INTO COMPOSITION (id_etudiant,id_matiere,session,ann_univ,valeur_note,commentaire) VALUES (66,46,'Rattrapage','2025-2026',15.41,'Evaluation');
INSERT INTO COMPOSITION (id_etudiant,id_matiere,session,ann_univ,valeur_note,commentaire) VALUES (45,37,'Rattrapage','2025-2026',9.84,'Evaluation');
INSERT INTO COMPOSITION (id_etudiant,id_matiere,session,ann_univ,valeur_note,commentaire) VALUES (38,21,'Normale','2025-2026',6.73,'Evaluation');
INSERT INTO COMPOSITION (id_etudiant,id_matiere,session,ann_univ,valeur_note,commentaire) VALUES (43,44,'Normale','2025-2026',10.28,'Evaluation');
INSERT INTO COMPOSITION (id_etudiant,id_matiere,session,ann_univ,valeur_note,commentaire) VALUES (60,36,'Normale','2025-2026',12.21,'Evaluation');
INSERT INTO COMPOSITION (id_etudiant,id_matiere,session,ann_univ,valeur_note,commentaire) VALUES (69,25,'Normale','2025-2026',13.56,'Evaluation');
INSERT INTO COMPOSITION (id_etudiant,id_matiere,session,ann_univ,valeur_note,commentaire) VALUES (65,10,'Normale','2025-2026',15.01,'Evaluation');
INSERT INTO COMPOSITION (id_etudiant,id_matiere,session,ann_univ,valeur_note,commentaire) VALUES (39,11,'Normale','2025-2026',11.26,'Evaluation');
INSERT INTO COMPOSITION (id_etudiant,id_matiere,session,ann_univ,valeur_note,commentaire) VALUES (65,45,'Rattrapage','2025-2026',16.22,'Evaluation');
INSERT INTO COMPOSITION (id_etudiant,id_matiere,session,ann_univ,valeur_note,commentaire) VALUES (64,28,'Rattrapage','2025-2026',17.62,'Evaluation');
INSERT INTO COMPOSITION (id_etudiant,id_matiere,session,ann_univ,valeur_note,commentaire) VALUES (10,22,'Normale','2025-2026',9.29,'Evaluation');
INSERT INTO COMPOSITION (id_etudiant,id_matiere,session,ann_univ,valeur_note,commentaire) VALUES (7,22,'Normale','2025-2026',17.71,'Evaluation');
INSERT INTO COMPOSITION (id_etudiant,id_matiere,session,ann_univ,valeur_note,commentaire) VALUES (7,9,'Rattrapage','2025-2026',17.12,'Evaluation');
INSERT INTO COMPOSITION (id_etudiant,id_matiere,session,ann_univ,valeur_note,commentaire) VALUES (49,39,'Rattrapage','2025-2026',12.84,'Evaluation');
INSERT INTO COMPOSITION (id_etudiant,id_matiere,session,ann_univ,valeur_note,commentaire) VALUES (23,40,'Rattrapage','2025-2026',5.38,'Evaluation');
INSERT INTO COMPOSITION (id_etudiant,id_matiere,session,ann_univ,valeur_note,commentaire) VALUES (73,7,'Normale','2025-2026',7.18,'Evaluation');
INSERT INTO COMPOSITION (id_etudiant,id_matiere,session,ann_univ,valeur_note,commentaire) VALUES (42,6,'Rattrapage','2025-2026',15.05,'Evaluation');
INSERT INTO COMPOSITION (id_etudiant,id_matiere,session,ann_univ,valeur_note,commentaire) VALUES (66,27,'Rattrapage','2025-2026',8.0,'Evaluation');
INSERT INTO COMPOSITION (id_etudiant,id_matiere,session,ann_univ,valeur_note,commentaire) VALUES (58,39,'Rattrapage','2025-2026',16.25,'Evaluation');
INSERT INTO COMPOSITION (id_etudiant,id_matiere,session,ann_univ,valeur_note,commentaire) VALUES (18,3,'Normale','2025-2026',7.41,'Evaluation');
INSERT INTO COMPOSITION (id_etudiant,id_matiere,session,ann_univ,valeur_note,commentaire) VALUES (100,49,'Normale','2025-2026',9.3,'Evaluation');
INSERT INTO COMPOSITION (id_etudiant,id_matiere,session,ann_univ,valeur_note,commentaire) VALUES (32,30,'Normale','2025-2026',8.76,'Evaluation');
INSERT INTO COMPOSITION (id_etudiant,id_matiere,session,ann_univ,valeur_note,commentaire) VALUES (10,29,'Rattrapage','2025-2026',17.59,'Evaluation');
INSERT INTO COMPOSITION (id_etudiant,id_matiere,session,ann_univ,valeur_note,commentaire) VALUES (3,12,'Rattrapage','2025-2026',15.36,'Evaluation');
INSERT INTO COMPOSITION (id_etudiant,id_matiere,session,ann_univ,valeur_note,commentaire) VALUES (86,8,'Rattrapage','2025-2026',9.43,'Evaluation');
INSERT INTO COMPOSITION (id_etudiant,id_matiere,session,ann_univ,valeur_note,commentaire) VALUES (36,6,'Rattrapage','2025-2026',16.3,'Evaluation');
INSERT INTO COMPOSITION (id_etudiant,id_matiere,session,ann_univ,valeur_note,commentaire) VALUES (8,15,'Normale','2025-2026',5.48,'Evaluation');
INSERT INTO COMPOSITION (id_etudiant,id_matiere,session,ann_univ,valeur_note,commentaire) VALUES (74,19,'Rattrapage','2025-2026',17.21,'Evaluation');
INSERT INTO COMPOSITION (id_etudiant,id_matiere,session,ann_univ,valeur_note,commentaire) VALUES (39,6,'Rattrapage','2025-2026',6.54,'Evaluation');
INSERT INTO COMPOSITION (id_etudiant,id_matiere,session,ann_univ,valeur_note,commentaire) VALUES (40,48,'Rattrapage','2025-2026',18.02,'Evaluation');
INSERT INTO COMPOSITION (id_etudiant,id_matiere,session,ann_univ,valeur_note,commentaire) VALUES (97,10,'Normale','2025-2026',16.09,'Evaluation');
INSERT INTO COMPOSITION (id_etudiant,id_matiere,session,ann_univ,valeur_note,commentaire) VALUES (43,11,'Rattrapage','2025-2026',17.97,'Evaluation');
INSERT INTO COMPOSITION (id_etudiant,id_matiere,session,ann_univ,valeur_note,commentaire) VALUES (97,35,'Normale','2025-2026',16.14,'Evaluation');
INSERT INTO COMPOSITION (id_etudiant,id_matiere,session,ann_univ,valeur_note,commentaire) VALUES (79,39,'Rattrapage','2025-2026',13.42,'Evaluation');
INSERT INTO COMPOSITION (id_etudiant,id_matiere,session,ann_univ,valeur_note,commentaire) VALUES (14,2,'Normale','2025-2026',8.56,'Evaluation');
INSERT INTO COMPOSITION (id_etudiant,id_matiere,session,ann_univ,valeur_note,commentaire) VALUES (100,44,'Rattrapage','2025-2026',16.76,'Evaluation');
INSERT INTO COMPOSITION (id_etudiant,id_matiere,session,ann_univ,valeur_note,commentaire) VALUES (6,28,'Rattrapage','2025-2026',16.98,'Evaluation');
INSERT INTO COMPOSITION (id_etudiant,id_matiere,session,ann_univ,valeur_note,commentaire) VALUES (74,35,'Normale','2025-2026',9.31,'Evaluation');
INSERT INTO COMPOSITION (id_etudiant,id_matiere,session,ann_univ,valeur_note,commentaire) VALUES (10,33,'Normale','2025-2026',14.97,'Evaluation');
INSERT INTO COMPOSITION (id_etudiant,id_matiere,session,ann_univ,valeur_note,commentaire) VALUES (41,41,'Rattrapage','2025-2026',18.9,'Evaluation');
INSERT INTO COMPOSITION (id_etudiant,id_matiere,session,ann_univ,valeur_note,commentaire) VALUES (60,19,'Normale','2025-2026',10.81,'Evaluation');
INSERT INTO COMPOSITION (id_etudiant,id_matiere,session,ann_univ,valeur_note,commentaire) VALUES (72,45,'Rattrapage','2025-2026',19.35,'Evaluation');
INSERT INTO COMPOSITION (id_etudiant,id_matiere,session,ann_univ,valeur_note,commentaire) VALUES (95,40,'Normale','2025-2026',19.64,'Evaluation');
INSERT INTO COMPOSITION (id_etudiant,id_matiere,session,ann_univ,valeur_note,commentaire) VALUES (74,7,'Normale','2025-2026',9.69,'Evaluation');
INSERT INTO COMPOSITION (id_etudiant,id_matiere,session,ann_univ,valeur_note,commentaire) VALUES (5,36,'Rattrapage','2025-2026',13.28,'Evaluation');
INSERT INTO COMPOSITION (id_etudiant,id_matiere,session,ann_univ,valeur_note,commentaire) VALUES (11,50,'Rattrapage','2025-2026',5.19,'Evaluation');
INSERT INTO COMPOSITION (id_etudiant,id_matiere,session,ann_univ,valeur_note,commentaire) VALUES (9,11,'Rattrapage','2025-2026',8.77,'Evaluation');
INSERT INTO COMPOSITION (id_etudiant,id_matiere,session,ann_univ,valeur_note,commentaire) VALUES (94,30,'Rattrapage','2025-2026',14.31,'Evaluation');
INSERT INTO COMPOSITION (id_etudiant,id_matiere,session,ann_univ,valeur_note,commentaire) VALUES (79,27,'Normale','2025-2026',16.71,'Evaluation');
INSERT INTO COMPOSITION (id_etudiant,id_matiere,session,ann_univ,valeur_note,commentaire) VALUES (56,7,'Normale','2025-2026',18.05,'Evaluation');
INSERT INTO COMPOSITION (id_etudiant,id_matiere,session,ann_univ,valeur_note,commentaire) VALUES (39,30,'Normale','2025-2026',17.45,'Evaluation');
INSERT INTO COMPOSITION (id_etudiant,id_matiere,session,ann_univ,valeur_note,commentaire) VALUES (24,44,'Rattrapage','2025-2026',18.67,'Evaluation');
INSERT INTO COMPOSITION (id_etudiant,id_matiere,session,ann_univ,valeur_note,commentaire) VALUES (85,32,'Normale','2025-2026',15.57,'Evaluation');
INSERT INTO COMPOSITION (id_etudiant,id_matiere,session,ann_univ,valeur_note,commentaire) VALUES (57,47,'Rattrapage','2025-2026',14.71,'Evaluation');
INSERT INTO COMPOSITION (id_etudiant,id_matiere,session,ann_univ,valeur_note,commentaire) VALUES (45,21,'Normale','2025-2026',16.33,'Evaluation');
INSERT INTO COMPOSITION (id_etudiant,id_matiere,session,ann_univ,valeur_note,commentaire) VALUES (40,47,'Rattrapage','2025-2026',13.2,'Evaluation');
INSERT INTO COMPOSITION (id_etudiant,id_matiere,session,ann_univ,valeur_note,commentaire) VALUES (38,8,'Rattrapage','2025-2026',14.05,'Evaluation');
INSERT INTO COMPOSITION (id_etudiant,id_matiere,session,ann_univ,valeur_note,commentaire) VALUES (48,21,'Rattrapage','2025-2026',16.64,'Evaluation');
INSERT INTO COMPOSITION (id_etudiant,id_matiere,session,ann_univ,valeur_note,commentaire) VALUES (2,24,'Normale','2025-2026',19.46,'Evaluation');
INSERT INTO COMPOSITION (id_etudiant,id_matiere,session,ann_univ,valeur_note,commentaire) VALUES (85,20,'Normale','2025-2026',9.41,'Evaluation');
INSERT INTO COMPOSITION (id_etudiant,id_matiere,session,ann_univ,valeur_note,commentaire) VALUES (16,28,'Normale','2025-2026',7.66,'Evaluation');
INSERT INTO COMPOSITION (id_etudiant,id_matiere,session,ann_univ,valeur_note,commentaire) VALUES (56,2,'Rattrapage','2025-2026',15.24,'Evaluation');
INSERT INTO COMPOSITION (id_etudiant,id_matiere,session,ann_univ,valeur_note,commentaire) VALUES (58,7,'Rattrapage','2025-2026',7.8,'Evaluation');
INSERT INTO COMPOSITION (id_etudiant,id_matiere,session,ann_univ,valeur_note,commentaire) VALUES (74,34,'Normale','2025-2026',7.61,'Evaluation');
INSERT INTO COMPOSITION (id_etudiant,id_matiere,session,ann_univ,valeur_note,commentaire) VALUES (45,29,'Normale','2025-2026',12.71,'Evaluation');
INSERT INTO COMPOSITION (id_etudiant,id_matiere,session,ann_univ,valeur_note,commentaire) VALUES (76,38,'Rattrapage','2025-2026',10.66,'Evaluation');
INSERT INTO COMPOSITION (id_etudiant,id_matiere,session,ann_univ,valeur_note,commentaire) VALUES (91,10,'Rattrapage','2025-2026',11.43,'Evaluation');
INSERT INTO COMPOSITION (id_etudiant,id_matiere,session,ann_univ,valeur_note,commentaire) VALUES (88,6,'Normale','2025-2026',13.35,'Evaluation');
INSERT INTO COMPOSITION (id_etudiant,id_matiere,session,ann_univ,valeur_note,commentaire) VALUES (9,31,'Normale','2025-2026',6.95,'Evaluation');
INSERT INTO COMPOSITION (id_etudiant,id_matiere,session,ann_univ,valeur_note,commentaire) VALUES (12,15,'Normale','2025-2026',13.76,'Evaluation');
INSERT INTO COMPOSITION (id_etudiant,id_matiere,session,ann_univ,valeur_note,commentaire) VALUES (59,17,'Normale','2025-2026',8.83,'Evaluation');
INSERT INTO COMPOSITION (id_etudiant,id_matiere,session,ann_univ,valeur_note,commentaire) VALUES (55,42,'Normale','2025-2026',9.96,'Evaluation');
INSERT INTO COMPOSITION (id_etudiant,id_matiere,session,ann_univ,valeur_note,commentaire) VALUES (52,5,'Rattrapage','2025-2026',15.65,'Evaluation');
INSERT INTO COMPOSITION (id_etudiant,id_matiere,session,ann_univ,valeur_note,commentaire) VALUES (63,46,'Rattrapage','2025-2026',7.32,'Evaluation');
INSERT INTO COMPOSITION (id_etudiant,id_matiere,session,ann_univ,valeur_note,commentaire) VALUES (12,3,'Normale','2025-2026',7.31,'Evaluation');
INSERT INTO COMPOSITION (id_etudiant,id_matiere,session,ann_univ,valeur_note,commentaire) VALUES (56,6,'Normale','2025-2026',9.84,'Evaluation');
INSERT INTO COMPOSITION (id_etudiant,id_matiere,session,ann_univ,valeur_note,commentaire) VALUES (7,18,'Rattrapage','2025-2026',5.76,'Evaluation');
INSERT INTO COMPOSITION (id_etudiant,id_matiere,session,ann_univ,valeur_note,commentaire) VALUES (34,23,'Normale','2025-2026',18.99,'Evaluation');
INSERT INTO COMPOSITION (id_etudiant,id_matiere,session,ann_univ,valeur_note,commentaire) VALUES (20,7,'Normale','2025-2026',14.23,'Evaluation');
INSERT INTO COMPOSITION (id_etudiant,id_matiere,session,ann_univ,valeur_note,commentaire) VALUES (80,41,'Normale','2025-2026',14.93,'Evaluation');
INSERT INTO COMPOSITION (id_etudiant,id_matiere,session,ann_univ,valeur_note,commentaire) VALUES (22,43,'Rattrapage','2025-2026',12.36,'Evaluation');
INSERT INTO COMPOSITION (id_etudiant,id_matiere,session,ann_univ,valeur_note,commentaire) VALUES (12,26,'Rattrapage','2025-2026',13.59,'Evaluation');
INSERT INTO COMPOSITION (id_etudiant,id_matiere,session,ann_univ,valeur_note,commentaire) VALUES (40,30,'Rattrapage','2025-2026',10.37,'Evaluation');
INSERT INTO COMPOSITION (id_etudiant,id_matiere,session,ann_univ,valeur_note,commentaire) VALUES (48,4,'Rattrapage','2025-2026',16.76,'Evaluation');
INSERT INTO COMPOSITION (id_etudiant,id_matiere,session,ann_univ,valeur_note,commentaire) VALUES (31,41,'Rattrapage','2025-2026',9.77,'Evaluation');
INSERT INTO COMPOSITION (id_etudiant,id_matiere,session,ann_univ,valeur_note,commentaire) VALUES (92,6,'Rattrapage','2025-2026',8.3,'Evaluation');
INSERT INTO COMPOSITION (id_etudiant,id_matiere,session,ann_univ,valeur_note,commentaire) VALUES (86,17,'Rattrapage','2025-2026',7.76,'Evaluation');
INSERT INTO COMPOSITION (id_etudiant,id_matiere,session,ann_univ,valeur_note,commentaire) VALUES (68,27,'Rattrapage','2025-2026',6.02,'Evaluation');
INSERT INTO COMPOSITION (id_etudiant,id_matiere,session,ann_univ,valeur_note,commentaire) VALUES (76,14,'Normale','2025-2026',12.58,'Evaluation');
INSERT INTO COMPOSITION (id_etudiant,id_matiere,session,ann_univ,valeur_note,commentaire) VALUES (54,36,'Normale','2025-2026',11.24,'Evaluation');
INSERT INTO COMPOSITION (id_etudiant,id_matiere,session,ann_univ,valeur_note,commentaire) VALUES (42,4,'Normale','2025-2026',13.06,'Evaluation');
INSERT INTO COMPOSITION (id_etudiant,id_matiere,session,ann_univ,valeur_note,commentaire) VALUES (84,32,'Rattrapage','2025-2026',6.38,'Evaluation');
INSERT INTO COMPOSITION (id_etudiant,id_matiere,session,ann_univ,valeur_note,commentaire) VALUES (57,8,'Normale','2025-2026',8.32,'Evaluation');
INSERT INTO COMPOSITION (id_etudiant,id_matiere,session,ann_univ,valeur_note,commentaire) VALUES (91,37,'Rattrapage','2025-2026',8.2,'Evaluation');
INSERT INTO COMPOSITION (id_etudiant,id_matiere,session,ann_univ,valeur_note,commentaire) VALUES (88,37,'Rattrapage','2025-2026',9.98,'Evaluation');
INSERT INTO COMPOSITION (id_etudiant,id_matiere,session,ann_univ,valeur_note,commentaire) VALUES (1,20,'Rattrapage','2025-2026',10.41,'Evaluation');
INSERT INTO COMPOSITION (id_etudiant,id_matiere,session,ann_univ,valeur_note,commentaire) VALUES (58,36,'Normale','2025-2026',8.28,'Evaluation');
INSERT INTO COMPOSITION (id_etudiant,id_matiere,session,ann_univ,valeur_note,commentaire) VALUES (32,34,'Rattrapage','2025-2026',16.29,'Evaluation');
INSERT INTO COMPOSITION (id_etudiant,id_matiere,session,ann_univ,valeur_note,commentaire) VALUES (31,20,'Normale','2025-2026',12.96,'Evaluation');
INSERT INTO COMPOSITION (id_etudiant,id_matiere,session,ann_univ,valeur_note,commentaire) VALUES (85,35,'Rattrapage','2025-2026',19.95,'Evaluation');
INSERT INTO COMPOSITION (id_etudiant,id_matiere,session,ann_univ,valeur_note,commentaire) VALUES (54,31,'Rattrapage','2025-2026',17.36,'Evaluation');
INSERT INTO COMPOSITION (id_etudiant,id_matiere,session,ann_univ,valeur_note,commentaire) VALUES (68,33,'Normale','2025-2026',19.72,'Evaluation');
INSERT INTO COMPOSITION (id_etudiant,id_matiere,session,ann_univ,valeur_note,commentaire) VALUES (20,18,'Normale','2025-2026',5.13,'Evaluation');
INSERT INTO COMPOSITION (id_etudiant,id_matiere,session,ann_univ,valeur_note,commentaire) VALUES (89,17,'Rattrapage','2025-2026',15.03,'Evaluation');
INSERT INTO COMPOSITION (id_etudiant,id_matiere,session,ann_univ,valeur_note,commentaire) VALUES (64,46,'Rattrapage','2025-2026',11.69,'Evaluation');
INSERT INTO COMPOSITION (id_etudiant,id_matiere,session,ann_univ,valeur_note,commentaire) VALUES (29,22,'Normale','2025-2026',18.57,'Evaluation');
INSERT INTO COMPOSITION (id_etudiant,id_matiere,session,ann_univ,valeur_note,commentaire) VALUES (29,9,'Rattrapage','2025-2026',14.21,'Evaluation');
INSERT INTO COMPOSITION (id_etudiant,id_matiere,session,ann_univ,valeur_note,commentaire) VALUES (14,50,'Normale','2025-2026',14.32,'Evaluation');
INSERT INTO COMPOSITION (id_etudiant,id_matiere,session,ann_univ,valeur_note,commentaire) VALUES (42,40,'Rattrapage','2025-2026',19.38,'Evaluation');
INSERT INTO COMPOSITION (id_etudiant,id_matiere,session,ann_univ,valeur_note,commentaire) VALUES (35,37,'Normale','2025-2026',15.24,'Evaluation');
INSERT INTO COMPOSITION (id_etudiant,id_matiere,session,ann_univ,valeur_note,commentaire) VALUES (57,19,'Normale','2025-2026',9.81,'Evaluation');
INSERT INTO COMPOSITION (id_etudiant,id_matiere,session,ann_univ,valeur_note,commentaire) VALUES (5,43,'Rattrapage','2025-2026',18.74,'Evaluation');
INSERT INTO COMPOSITION (id_etudiant,id_matiere,session,ann_univ,valeur_note,commentaire) VALUES (64,18,'Rattrapage','2025-2026',19.17,'Evaluation');
INSERT INTO COMPOSITION (id_etudiant,id_matiere,session,ann_univ,valeur_note,commentaire) VALUES (75,24,'Normale','2025-2026',10.79,'Evaluation');
INSERT INTO COMPOSITION (id_etudiant,id_matiere,session,ann_univ,valeur_note,commentaire) VALUES (4,21,'Normale','2025-2026',13.1,'Evaluation');
INSERT INTO COMPOSITION (id_etudiant,id_matiere,session,ann_univ,valeur_note,commentaire) VALUES (70,22,'Normale','2025-2026',9.24,'Evaluation');
INSERT INTO COMPOSITION (id_etudiant,id_matiere,session,ann_univ,valeur_note,commentaire) VALUES (60,49,'Rattrapage','2025-2026',18.67,'Evaluation');
INSERT INTO COMPOSITION (id_etudiant,id_matiere,session,ann_univ,valeur_note,commentaire) VALUES (83,44,'Normale','2025-2026',17.33,'Evaluation');
INSERT INTO COMPOSITION (id_etudiant,id_matiere,session,ann_univ,valeur_note,commentaire) VALUES (66,44,'Normale','2025-2026',10.62,'Evaluation');
INSERT INTO COMPOSITION (id_etudiant,id_matiere,session,ann_univ,valeur_note,commentaire) VALUES (93,49,'Normale','2025-2026',17.04,'Evaluation');
INSERT INTO COMPOSITION (id_etudiant,id_matiere,session,ann_univ,valeur_note,commentaire) VALUES (38,43,'Rattrapage','2025-2026',11.68,'Evaluation');
INSERT INTO COMPOSITION (id_etudiant,id_matiere,session,ann_univ,valeur_note,commentaire) VALUES (50,22,'Normale','2025-2026',5.66,'Evaluation');
INSERT INTO COMPOSITION (id_etudiant,id_matiere,session,ann_univ,valeur_note,commentaire) VALUES (79,3,'Rattrapage','2025-2026',18.47,'Evaluation');
INSERT INTO COMPOSITION (id_etudiant,id_matiere,session,ann_univ,valeur_note,commentaire) VALUES (63,40,'Rattrapage','2025-2026',7.89,'Evaluation');
INSERT INTO COMPOSITION (id_etudiant,id_matiere,session,ann_univ,valeur_note,commentaire) VALUES (53,22,'Rattrapage','2025-2026',12.71,'Evaluation');
INSERT INTO COMPOSITION (id_etudiant,id_matiere,session,ann_univ,valeur_note,commentaire) VALUES (46,5,'Rattrapage','2025-2026',19.22,'Evaluation');
INSERT INTO COMPOSITION (id_etudiant,id_matiere,session,ann_univ,valeur_note,commentaire) VALUES (3,8,'Normale','2025-2026',7.51,'Evaluation');
INSERT INTO COMPOSITION (id_etudiant,id_matiere,session,ann_univ,valeur_note,commentaire) VALUES (21,29,'Normale','2025-2026',19.34,'Evaluation');
INSERT INTO COMPOSITION (id_etudiant,id_matiere,session,ann_univ,valeur_note,commentaire) VALUES (56,43,'Normale','2025-2026',13.07,'Evaluation');
INSERT INTO COMPOSITION (id_etudiant,id_matiere,session,ann_univ,valeur_note,commentaire) VALUES (47,36,'Rattrapage','2025-2026',5.11,'Evaluation');
INSERT INTO COMPOSITION (id_etudiant,id_matiere,session,ann_univ,valeur_note,commentaire) VALUES (79,35,'Normale','2025-2026',5.98,'Evaluation');
INSERT INTO COMPOSITION (id_etudiant,id_matiere,session,ann_univ,valeur_note,commentaire) VALUES (39,9,'Rattrapage','2025-2026',15.06,'Evaluation');
INSERT INTO COMPOSITION (id_etudiant,id_matiere,session,ann_univ,valeur_note,commentaire) VALUES (22,9,'Rattrapage','2025-2026',16.6,'Evaluation');
INSERT INTO COMPOSITION (id_etudiant,id_matiere,session,ann_univ,valeur_note,commentaire) VALUES (19,46,'Rattrapage','2025-2026',17.97,'Evaluation');
INSERT INTO COMPOSITION (id_etudiant,id_matiere,session,ann_univ,valeur_note,commentaire) VALUES (87,49,'Normale','2025-2026',11.36,'Evaluation');
INSERT INTO COMPOSITION (id_etudiant,id_matiere,session,ann_univ,valeur_note,commentaire) VALUES (54,18,'Normale','2025-2026',6.56,'Evaluation');
INSERT INTO COMPOSITION (id_etudiant,id_matiere,session,ann_univ,valeur_note,commentaire) VALUES (97,48,'Rattrapage','2025-2026',13.07,'Evaluation');
INSERT INTO COMPOSITION (id_etudiant,id_matiere,session,ann_univ,valeur_note,commentaire) VALUES (78,23,'Normale','2025-2026',15.54,'Evaluation');
INSERT INTO COMPOSITION (id_etudiant,id_matiere,session,ann_univ,valeur_note,commentaire) VALUES (81,7,'Normale','2025-2026',19.64,'Evaluation');
INSERT INTO COMPOSITION (id_etudiant,id_matiere,session,ann_univ,valeur_note,commentaire) VALUES (5,26,'Rattrapage','2025-2026',16.63,'Evaluation');
INSERT INTO COMPOSITION (id_etudiant,id_matiere,session,ann_univ,valeur_note,commentaire) VALUES (49,46,'Normale','2025-2026',14.7,'Evaluation');
INSERT INTO COMPOSITION (id_etudiant,id_matiere,session,ann_univ,valeur_note,commentaire) VALUES (37,35,'Normale','2025-2026',19.1,'Evaluation');
INSERT INTO COMPOSITION (id_etudiant,id_matiere,session,ann_univ,valeur_note,commentaire) VALUES (28,21,'Normale','2025-2026',16.2,'Evaluation');
INSERT INTO COMPOSITION (id_etudiant,id_matiere,session,ann_univ,valeur_note,commentaire) VALUES (21,4,'Normale','2025-2026',7.31,'Evaluation');
INSERT INTO COMPOSITION (id_etudiant,id_matiere,session,ann_univ,valeur_note,commentaire) VALUES (33,6,'Rattrapage','2025-2026',11.89,'Evaluation');
INSERT INTO COMPOSITION (id_etudiant,id_matiere,session,ann_univ,valeur_note,commentaire) VALUES (53,33,'Rattrapage','2025-2026',9.98,'Evaluation');
INSERT INTO COMPOSITION (id_etudiant,id_matiere,session,ann_univ,valeur_note,commentaire) VALUES (77,20,'Rattrapage','2025-2026',6.31,'Evaluation');
INSERT INTO COMPOSITION (id_etudiant,id_matiere,session,ann_univ,valeur_note,commentaire) VALUES (55,44,'Normale','2025-2026',5.81,'Evaluation');
INSERT INTO COMPOSITION (id_etudiant,id_matiere,session,ann_univ,valeur_note,commentaire) VALUES (22,50,'Rattrapage','2025-2026',16.91,'Evaluation');
INSERT INTO COMPOSITION (id_etudiant,id_matiere,session,ann_univ,valeur_note,commentaire) VALUES (7,11,'Rattrapage','2025-2026',13.37,'Evaluation');
INSERT INTO COMPOSITION (id_etudiant,id_matiere,session,ann_univ,valeur_note,commentaire) VALUES (98,31,'Normale','2025-2026',13.62,'Evaluation');
INSERT INTO COMPOSITION (id_etudiant,id_matiere,session,ann_univ,valeur_note,commentaire) VALUES (92,31,'Normale','2025-2026',8.41,'Evaluation');
INSERT INTO COMPOSITION (id_etudiant,id_matiere,session,ann_univ,valeur_note,commentaire) VALUES (21,12,'Normale','2025-2026',8.88,'Evaluation');
INSERT INTO COMPOSITION (id_etudiant,id_matiere,session,ann_univ,valeur_note,commentaire) VALUES (70,14,'Normale','2025-2026',10.82,'Evaluation');
INSERT INTO COMPOSITION (id_etudiant,id_matiere,session,ann_univ,valeur_note,commentaire) VALUES (48,34,'Rattrapage','2025-2026',14.45,'Evaluation');
INSERT INTO COMPOSITION (id_etudiant,id_matiere,session,ann_univ,valeur_note,commentaire) VALUES (88,21,'Rattrapage','2025-2026',11.5,'Evaluation');
INSERT INTO COMPOSITION (id_etudiant,id_matiere,session,ann_univ,valeur_note,commentaire) VALUES (34,15,'Normale','2025-2026',5.25,'Evaluation');
INSERT INTO COMPOSITION (id_etudiant,id_matiere,session,ann_univ,valeur_note,commentaire) VALUES (46,1,'Rattrapage','2025-2026',15.1,'Evaluation');
INSERT INTO COMPOSITION (id_etudiant,id_matiere,session,ann_univ,valeur_note,commentaire) VALUES (70,44,'Normale','2025-2026',13.02,'Evaluation');
INSERT INTO COMPOSITION (id_etudiant,id_matiere,session,ann_univ,valeur_note,commentaire) VALUES (71,21,'Rattrapage','2025-2026',14.62,'Evaluation');
INSERT INTO COMPOSITION (id_etudiant,id_matiere,session,ann_univ,valeur_note,commentaire) VALUES (63,45,'Normale','2025-2026',14.28,'Evaluation');
INSERT INTO COMPOSITION (id_etudiant,id_matiere,session,ann_univ,valeur_note,commentaire) VALUES (72,24,'Normale','2025-2026',16.34,'Evaluation');
INSERT INTO COMPOSITION (id_etudiant,id_matiere,session,ann_univ,valeur_note,commentaire) VALUES (72,11,'Rattrapage','2025-2026',13.78,'Evaluation');
INSERT INTO COMPOSITION (id_etudiant,id_matiere,session,ann_univ,valeur_note,commentaire) VALUES (5,9,'Rattrapage','2025-2026',15.51,'Evaluation');
INSERT INTO COMPOSITION (id_etudiant,id_matiere,session,ann_univ,valeur_note,commentaire) VALUES (54,38,'Rattrapage','2025-2026',6.09,'Evaluation');
INSERT INTO COMPOSITION (id_etudiant,id_matiere,session,ann_univ,valeur_note,commentaire) VALUES (11,41,'Normale','2025-2026',18.92,'Evaluation');
INSERT INTO COMPOSITION (id_etudiant,id_matiere,session,ann_univ,valeur_note,commentaire) VALUES (48,12,'Rattrapage','2025-2026',6.59,'Evaluation');
INSERT INTO COMPOSITION (id_etudiant,id_matiere,session,ann_univ,valeur_note,commentaire) VALUES (9,18,'Rattrapage','2025-2026',16.8,'Evaluation');
INSERT INTO COMPOSITION (id_etudiant,id_matiere,session,ann_univ,valeur_note,commentaire) VALUES (2,2,'Rattrapage','2025-2026',9.52,'Evaluation');
INSERT INTO COMPOSITION (id_etudiant,id_matiere,session,ann_univ,valeur_note,commentaire) VALUES (18,33,'Rattrapage','2025-2026',6.3,'Evaluation');
INSERT INTO COMPOSITION (id_etudiant,id_matiere,session,ann_univ,valeur_note,commentaire) VALUES (47,7,'Normale','2025-2026',16.48,'Evaluation');
INSERT INTO COMPOSITION (id_etudiant,id_matiere,session,ann_univ,valeur_note,commentaire) VALUES (98,36,'Rattrapage','2025-2026',11.57,'Evaluation');
INSERT INTO COMPOSITION (id_etudiant,id_matiere,session,ann_univ,valeur_note,commentaire) VALUES (89,24,'Rattrapage','2025-2026',10.93,'Evaluation');
INSERT INTO COMPOSITION (id_etudiant,id_matiere,session,ann_univ,valeur_note,commentaire) VALUES (18,5,'Rattrapage','2025-2026',14.91,'Evaluation');
INSERT INTO COMPOSITION (id_etudiant,id_matiere,session,ann_univ,valeur_note,commentaire) VALUES (72,47,'Rattrapage','2025-2026',12.11,'Evaluation');
INSERT INTO COMPOSITION (id_etudiant,id_matiere,session,ann_univ,valeur_note,commentaire) VALUES (59,48,'Normale','2025-2026',13.0,'Evaluation');
INSERT INTO COMPOSITION (id_etudiant,id_matiere,session,ann_univ,valeur_note,commentaire) VALUES (88,25,'Normale','2025-2026',7.05,'Evaluation');
INSERT INTO COMPOSITION (id_etudiant,id_matiere,session,ann_univ,valeur_note,commentaire) VALUES (15,12,'Rattrapage','2025-2026',10.86,'Evaluation');
INSERT INTO COMPOSITION (id_etudiant,id_matiere,session,ann_univ,valeur_note,commentaire) VALUES (48,28,'Normale','2025-2026',16.96,'Evaluation');
INSERT INTO COMPOSITION (id_etudiant,id_matiere,session,ann_univ,valeur_note,commentaire) VALUES (45,28,'Normale','2025-2026',13.19,'Evaluation');
INSERT INTO COMPOSITION (id_etudiant,id_matiere,session,ann_univ,valeur_note,commentaire) VALUES (9,34,'Normale','2025-2026',19.4,'Evaluation');
INSERT INTO COMPOSITION (id_etudiant,id_matiere,session,ann_univ,valeur_note,commentaire) VALUES (26,9,'Rattrapage','2025-2026',7.16,'Evaluation');
INSERT INTO COMPOSITION (id_etudiant,id_matiere,session,ann_univ,valeur_note,commentaire) VALUES (54,42,'Normale','2025-2026',15.16,'Evaluation');
INSERT INTO COMPOSITION (id_etudiant,id_matiere,session,ann_univ,valeur_note,commentaire) VALUES (83,41,'Normale','2025-2026',18.71,'Evaluation');
INSERT INTO COMPOSITION (id_etudiant,id_matiere,session,ann_univ,valeur_note,commentaire) VALUES (37,31,'Normale','2025-2026',16.93,'Evaluation');
INSERT INTO COMPOSITION (id_etudiant,id_matiere,session,ann_univ,valeur_note,commentaire) VALUES (18,49,'Normale','2025-2026',15.94,'Evaluation');
INSERT INTO COMPOSITION (id_etudiant,id_matiere,session,ann_univ,valeur_note,commentaire) VALUES (75,38,'Rattrapage','2025-2026',10.6,'Evaluation');
INSERT INTO COMPOSITION (id_etudiant,id_matiere,session,ann_univ,valeur_note,commentaire) VALUES (23,11,'Normale','2025-2026',19.24,'Evaluation');
INSERT INTO COMPOSITION (id_etudiant,id_matiere,session,ann_univ,valeur_note,commentaire) VALUES (77,25,'Normale','2025-2026',13.3,'Evaluation');
INSERT INTO COMPOSITION (id_etudiant,id_matiere,session,ann_univ,valeur_note,commentaire) VALUES (13,46,'Rattrapage','2025-2026',13.33,'Evaluation');
INSERT INTO COMPOSITION (id_etudiant,id_matiere,session,ann_univ,valeur_note,commentaire) VALUES (85,34,'Normale','2025-2026',6.85,'Evaluation');
INSERT INTO COMPOSITION (id_etudiant,id_matiere,session,ann_univ,valeur_note,commentaire) VALUES (24,18,'Rattrapage','2025-2026',5.08,'Evaluation');
INSERT INTO COMPOSITION (id_etudiant,id_matiere,session,ann_univ,valeur_note,commentaire) VALUES (71,4,'Rattrapage','2025-2026',13.95,'Evaluation');
INSERT INTO COMPOSITION (id_etudiant,id_matiere,session,ann_univ,valeur_note,commentaire) VALUES (33,16,'Rattrapage','2025-2026',13.06,'Evaluation');
INSERT INTO COMPOSITION (id_etudiant,id_matiere,session,ann_univ,valeur_note,commentaire) VALUES (54,39,'Normale','2025-2026',19.2,'Evaluation');
INSERT INTO COMPOSITION (id_etudiant,id_matiere,session,ann_univ,valeur_note,commentaire) VALUES (35,29,'Normale','2025-2026',9.57,'Evaluation');
INSERT INTO COMPOSITION (id_etudiant,id_matiere,session,ann_univ,valeur_note,commentaire) VALUES (82,18,'Rattrapage','2025-2026',16.22,'Evaluation');
INSERT INTO COMPOSITION (id_etudiant,id_matiere,session,ann_univ,valeur_note,commentaire) VALUES (90,5,'Normale','2025-2026',18.55,'Evaluation');
INSERT INTO COMPOSITION (id_etudiant,id_matiere,session,ann_univ,valeur_note,commentaire) VALUES (18,16,'Rattrapage','2025-2026',10.16,'Evaluation');
INSERT INTO COMPOSITION (id_etudiant,id_matiere,session,ann_univ,valeur_note,commentaire) VALUES (41,26,'Rattrapage','2025-2026',11.19,'Evaluation');
INSERT INTO COMPOSITION (id_etudiant,id_matiere,session,ann_univ,valeur_note,commentaire) VALUES (19,9,'Rattrapage','2025-2026',14.69,'Evaluation');
INSERT INTO COMPOSITION (id_etudiant,id_matiere,session,ann_univ,valeur_note,commentaire) VALUES (41,42,'Normale','2025-2026',12.69,'Evaluation');
INSERT INTO COMPOSITION (id_etudiant,id_matiere,session,ann_univ,valeur_note,commentaire) VALUES (68,24,'Normale','2025-2026',7.41,'Evaluation');
INSERT INTO COMPOSITION (id_etudiant,id_matiere,session,ann_univ,valeur_note,commentaire) VALUES (16,18,'Rattrapage','2025-2026',8.31,'Evaluation');
INSERT INTO COMPOSITION (id_etudiant,id_matiere,session,ann_univ,valeur_note,commentaire) VALUES (68,43,'Rattrapage','2025-2026',17.52,'Evaluation');
INSERT INTO COMPOSITION (id_etudiant,id_matiere,session,ann_univ,valeur_note,commentaire) VALUES (34,25,'Normale','2025-2026',7.91,'Evaluation');
INSERT INTO COMPOSITION (id_etudiant,id_matiere,session,ann_univ,valeur_note,commentaire) VALUES (100,19,'Rattrapage','2025-2026',7.72,'Evaluation');
INSERT INTO COMPOSITION (id_etudiant,id_matiere,session,ann_univ,valeur_note,commentaire) VALUES (52,48,'Rattrapage','2025-2026',16.99,'Evaluation');
INSERT INTO COMPOSITION (id_etudiant,id_matiere,session,ann_univ,valeur_note,commentaire) VALUES (77,40,'Rattrapage','2025-2026',17.78,'Evaluation');
INSERT INTO COMPOSITION (id_etudiant,id_matiere,session,ann_univ,valeur_note,commentaire) VALUES (17,50,'Normale','2025-2026',17.77,'Evaluation');
INSERT INTO COMPOSITION (id_etudiant,id_matiere,session,ann_univ,valeur_note,commentaire) VALUES (41,9,'Rattrapage','2025-2026',18.99,'Evaluation');
INSERT INTO COMPOSITION (id_etudiant,id_matiere,session,ann_univ,valeur_note,commentaire) VALUES (6,21,'Rattrapage','2025-2026',19.91,'Evaluation');
INSERT INTO COMPOSITION (id_etudiant,id_matiere,session,ann_univ,valeur_note,commentaire) VALUES (29,20,'Rattrapage','2025-2026',11.92,'Evaluation');
INSERT INTO COMPOSITION (id_etudiant,id_matiere,session,ann_univ,valeur_note,commentaire) VALUES (45,31,'Normale','2025-2026',13.24,'Evaluation');
INSERT INTO COMPOSITION (id_etudiant,id_matiere,session,ann_univ,valeur_note,commentaire) VALUES (33,21,'Normale','2025-2026',9.36,'Evaluation');
INSERT INTO COMPOSITION (id_etudiant,id_matiere,session,ann_univ,valeur_note,commentaire) VALUES (28,31,'Normale','2025-2026',6.01,'Evaluation');
INSERT INTO COMPOSITION (id_etudiant,id_matiere,session,ann_univ,valeur_note,commentaire) VALUES (55,36,'Normale','2025-2026',6.47,'Evaluation');
INSERT INTO COMPOSITION (id_etudiant,id_matiere,session,ann_univ,valeur_note,commentaire) VALUES (24,32,'Normale','2025-2026',15.88,'Evaluation');
INSERT INTO COMPOSITION (id_etudiant,id_matiere,session,ann_univ,valeur_note,commentaire) VALUES (64,25,'Normale','2025-2026',12.31,'Evaluation');
INSERT INTO COMPOSITION (id_etudiant,id_matiere,session,ann_univ,valeur_note,commentaire) VALUES (37,50,'Rattrapage','2025-2026',9.96,'Evaluation');
INSERT INTO COMPOSITION (id_etudiant,id_matiere,session,ann_univ,valeur_note,commentaire) VALUES (96,48,'Rattrapage','2025-2026',6.92,'Evaluation');
INSERT INTO COMPOSITION (id_etudiant,id_matiere,session,ann_univ,valeur_note,commentaire) VALUES (4,3,'Rattrapage','2025-2026',14.83,'Evaluation');
INSERT INTO COMPOSITION (id_etudiant,id_matiere,session,ann_univ,valeur_note,commentaire) VALUES (99,9,'Rattrapage','2025-2026',6.5,'Evaluation');
INSERT INTO COMPOSITION (id_etudiant,id_matiere,session,ann_univ,valeur_note,commentaire) VALUES (63,15,'Rattrapage','2025-2026',14.29,'Evaluation');
INSERT INTO COMPOSITION (id_etudiant,id_matiere,session,ann_univ,valeur_note,commentaire) VALUES (78,10,'Rattrapage','2025-2026',18.5,'Evaluation');
INSERT INTO COMPOSITION (id_etudiant,id_matiere,session,ann_univ,valeur_note,commentaire) VALUES (49,23,'Rattrapage','2025-2026',9.77,'Evaluation');
INSERT INTO COMPOSITION (id_etudiant,id_matiere,session,ann_univ,valeur_note,commentaire) VALUES (65,30,'Normale','2025-2026',11.76,'Evaluation');
INSERT INTO COMPOSITION (id_etudiant,id_matiere,session,ann_univ,valeur_note,commentaire) VALUES (60,15,'Rattrapage','2025-2026',14.25,'Evaluation');
INSERT INTO COMPOSITION (id_etudiant,id_matiere,session,ann_univ,valeur_note,commentaire) VALUES (32,8,'Normale','2025-2026',9.59,'Evaluation');
INSERT INTO COMPOSITION (id_etudiant,id_matiere,session,ann_univ,valeur_note,commentaire) VALUES (21,21,'Rattrapage','2025-2026',13.76,'Evaluation');
INSERT INTO COMPOSITION (id_etudiant,id_matiere,session,ann_univ,valeur_note,commentaire) VALUES (45,42,'Rattrapage','2025-2026',13.48,'Evaluation');
INSERT INTO COMPOSITION (id_etudiant,id_matiere,session,ann_univ,valeur_note,commentaire) VALUES (92,28,'Rattrapage','2025-2026',10.47,'Evaluation');
INSERT INTO COMPOSITION (id_etudiant,id_matiere,session,ann_univ,valeur_note,commentaire) VALUES (95,12,'Rattrapage','2025-2026',9.74,'Evaluation');
INSERT INTO COMPOSITION (id_etudiant,id_matiere,session,ann_univ,valeur_note,commentaire) VALUES (27,14,'Normale','2025-2026',11.42,'Evaluation');
INSERT INTO COMPOSITION (id_etudiant,id_matiere,session,ann_univ,valeur_note,commentaire) VALUES (46,12,'Normale','2025-2026',5.07,'Evaluation');
INSERT INTO COMPOSITION (id_etudiant,id_matiere,session,ann_univ,valeur_note,commentaire) VALUES (52,27,'Normale','2025-2026',8.69,'Evaluation');
INSERT INTO COMPOSITION (id_etudiant,id_matiere,session,ann_univ,valeur_note,commentaire) VALUES (62,14,'Rattrapage','2025-2026',8.32,'Evaluation');
INSERT INTO COMPOSITION (id_etudiant,id_matiere,session,ann_univ,valeur_note,commentaire) VALUES (78,10,'Normale','2025-2026',16.1,'Evaluation');
INSERT INTO COMPOSITION (id_etudiant,id_matiere,session,ann_univ,valeur_note,commentaire) VALUES (76,36,'Rattrapage','2025-2026',11.54,'Evaluation');
INSERT INTO COMPOSITION (id_etudiant,id_matiere,session,ann_univ,valeur_note,commentaire) VALUES (22,17,'Rattrapage','2025-2026',17.6,'Evaluation');
INSERT INTO COMPOSITION (id_etudiant,id_matiere,session,ann_univ,valeur_note,commentaire) VALUES (59,14,'Rattrapage','2025-2026',7.01,'Evaluation');
INSERT INTO COMPOSITION (id_etudiant,id_matiere,session,ann_univ,valeur_note,commentaire) VALUES (11,43,'Rattrapage','2025-2026',15.99,'Evaluation');
INSERT INTO COMPOSITION (id_etudiant,id_matiere,session,ann_univ,valeur_note,commentaire) VALUES (25,49,'Normale','2025-2026',18.17,'Evaluation');
INSERT INTO COMPOSITION (id_etudiant,id_matiere,session,ann_univ,valeur_note,commentaire) VALUES (9,6,'Normale','2025-2026',11.94,'Evaluation');
INSERT INTO COMPOSITION (id_etudiant,id_matiere,session,ann_univ,valeur_note,commentaire) VALUES (30,14,'Rattrapage','2025-2026',10.38,'Evaluation');
INSERT INTO COMPOSITION (id_etudiant,id_matiere,session,ann_univ,valeur_note,commentaire) VALUES (77,39,'Rattrapage','2025-2026',9.58,'Evaluation');
INSERT INTO COMPOSITION (id_etudiant,id_matiere,session,ann_univ,valeur_note,commentaire) VALUES (74,39,'Rattrapage','2025-2026',13.28,'Evaluation');
INSERT INTO COMPOSITION (id_etudiant,id_matiere,session,ann_univ,valeur_note,commentaire) VALUES (71,39,'Rattrapage','2025-2026',7.64,'Evaluation');
INSERT INTO COMPOSITION (id_etudiant,id_matiere,session,ann_univ,valeur_note,commentaire) VALUES (41,29,'Rattrapage','2025-2026',14.1,'Evaluation');
INSERT INTO COMPOSITION (id_etudiant,id_matiere,session,ann_univ,valeur_note,commentaire) VALUES (8,31,'Rattrapage','2025-2026',17.63,'Evaluation');
INSERT INTO COMPOSITION (id_etudiant,id_matiere,session,ann_univ,valeur_note,commentaire) VALUES (24,43,'Normale','2025-2026',17.88,'Evaluation');
INSERT INTO COMPOSITION (id_etudiant,id_matiere,session,ann_univ,valeur_note,commentaire) VALUES (91,11,'Rattrapage','2025-2026',7.1,'Evaluation');
INSERT INTO COMPOSITION (id_etudiant,id_matiere,session,ann_univ,valeur_note,commentaire) VALUES (53,4,'Normale','2025-2026',13.08,'Evaluation');
INSERT INTO COMPOSITION (id_etudiant,id_matiere,session,ann_univ,valeur_note,commentaire) VALUES (19,49,'Normale','2025-2026',8.95,'Evaluation');
INSERT INTO COMPOSITION (id_etudiant,id_matiere,session,ann_univ,valeur_note,commentaire) VALUES (87,47,'Rattrapage','2025-2026',18.3,'Evaluation');
INSERT INTO COMPOSITION (id_etudiant,id_matiere,session,ann_univ,valeur_note,commentaire) VALUES (43,40,'Rattrapage','2025-2026',6.15,'Evaluation');
INSERT INTO COMPOSITION (id_etudiant,id_matiere,session,ann_univ,valeur_note,commentaire) VALUES (55,6,'Rattrapage','2025-2026',6.13,'Evaluation');
INSERT INTO COMPOSITION (id_etudiant,id_matiere,session,ann_univ,valeur_note,commentaire) VALUES (73,27,'Rattrapage','2025-2026',5.28,'Evaluation');
INSERT INTO COMPOSITION (id_etudiant,id_matiere,session,ann_univ,valeur_note,commentaire) VALUES (64,10,'Rattrapage','2025-2026',12.61,'Evaluation');
INSERT INTO COMPOSITION (id_etudiant,id_matiere,session,ann_univ,valeur_note,commentaire) VALUES (82,15,'Normale','2025-2026',5.47,'Evaluation');
INSERT INTO COMPOSITION (id_etudiant,id_matiere,session,ann_univ,valeur_note,commentaire) VALUES (6,26,'Normale','2025-2026',13.73,'Evaluation');
INSERT INTO COMPOSITION (id_etudiant,id_matiere,session,ann_univ,valeur_note,commentaire) VALUES (1,36,'Normale','2025-2026',11.08,'Evaluation');
INSERT INTO COMPOSITION (id_etudiant,id_matiere,session,ann_univ,valeur_note,commentaire) VALUES (76,47,'Rattrapage','2025-2026',13.85,'Evaluation');
INSERT INTO COMPOSITION (id_etudiant,id_matiere,session,ann_univ,valeur_note,commentaire) VALUES (24,10,'Rattrapage','2025-2026',18.59,'Evaluation');
INSERT INTO COMPOSITION (id_etudiant,id_matiere,session,ann_univ,valeur_note,commentaire) VALUES (57,41,'Rattrapage','2025-2026',13.27,'Evaluation');
INSERT INTO COMPOSITION (id_etudiant,id_matiere,session,ann_univ,valeur_note,commentaire) VALUES (97,40,'Normale','2025-2026',13.15,'Evaluation');
INSERT INTO COMPOSITION (id_etudiant,id_matiere,session,ann_univ,valeur_note,commentaire) VALUES (25,48,'Normale','2025-2026',19.98,'Evaluation');
INSERT INTO COMPOSITION (id_etudiant,id_matiere,session,ann_univ,valeur_note,commentaire) VALUES (13,45,'Normale','2025-2026',12.08,'Evaluation');
INSERT INTO COMPOSITION (id_etudiant,id_matiere,session,ann_univ,valeur_note,commentaire) VALUES (16,6,'Normale','2025-2026',16.63,'Evaluation');
INSERT INTO COMPOSITION (id_etudiant,id_matiere,session,ann_univ,valeur_note,commentaire) VALUES (46,18,'Rattrapage','2025-2026',10.49,'Evaluation');
INSERT INTO COMPOSITION (id_etudiant,id_matiere,session,ann_univ,valeur_note,commentaire) VALUES (69,46,'Normale','2025-2026',8.35,'Evaluation');
INSERT INTO COMPOSITION (id_etudiant,id_matiere,session,ann_univ,valeur_note,commentaire) VALUES (29,35,'Rattrapage','2025-2026',16.58,'Evaluation');
INSERT INTO COMPOSITION (id_etudiant,id_matiere,session,ann_univ,valeur_note,commentaire) VALUES (17,13,'Rattrapage','2025-2026',16.0,'Evaluation');
INSERT INTO COMPOSITION (id_etudiant,id_matiere,session,ann_univ,valeur_note,commentaire) VALUES (12,19,'Rattrapage','2025-2026',9.36,'Evaluation');
INSERT INTO COMPOSITION (id_etudiant,id_matiere,session,ann_univ,valeur_note,commentaire) VALUES (97,19,'Rattrapage','2025-2026',11.97,'Evaluation');
INSERT INTO COMPOSITION (id_etudiant,id_matiere,session,ann_univ,valeur_note,commentaire) VALUES (14,48,'Normale','2025-2026',12.66,'Evaluation');
INSERT INTO COMPOSITION (id_etudiant,id_matiere,session,ann_univ,valeur_note,commentaire) VALUES (30,50,'Rattrapage','2025-2026',10.95,'Evaluation');
INSERT INTO COMPOSITION (id_etudiant,id_matiere,session,ann_univ,valeur_note,commentaire) VALUES (54,4,'Rattrapage','2025-2026',12.53,'Evaluation');
INSERT INTO COMPOSITION (id_etudiant,id_matiere,session,ann_univ,valeur_note,commentaire) VALUES (37,6,'Normale','2025-2026',14.94,'Evaluation');
INSERT INTO COMPOSITION (id_etudiant,id_matiere,session,ann_univ,valeur_note,commentaire) VALUES (6,37,'Normale','2025-2026',17.72,'Evaluation');
INSERT INTO COMPOSITION (id_etudiant,id_matiere,session,ann_univ,valeur_note,commentaire) VALUES (68,10,'Normale','2025-2026',17.1,'Evaluation');
INSERT INTO COMPOSITION (id_etudiant,id_matiere,session,ann_univ,valeur_note,commentaire) VALUES (84,27,'Normale','2025-2026',14.21,'Evaluation');
INSERT INTO COMPOSITION (id_etudiant,id_matiere,session,ann_univ,valeur_note,commentaire) VALUES (49,20,'Rattrapage','2025-2026',7.49,'Evaluation');
INSERT INTO COMPOSITION (id_etudiant,id_matiere,session,ann_univ,valeur_note,commentaire) VALUES (59,37,'Normale','2025-2026',12.71,'Evaluation');
INSERT INTO COMPOSITION (id_etudiant,id_matiere,session,ann_univ,valeur_note,commentaire) VALUES (8,36,'Normale','2025-2026',11.69,'Evaluation');
INSERT INTO COMPOSITION (id_etudiant,id_matiere,session,ann_univ,valeur_note,commentaire) VALUES (86,42,'Normale','2025-2026',7.69,'Evaluation');
INSERT INTO COMPOSITION (id_etudiant,id_matiere,session,ann_univ,valeur_note,commentaire) VALUES (22,27,'Rattrapage','2025-2026',19.23,'Evaluation');
INSERT INTO COMPOSITION (id_etudiant,id_matiere,session,ann_univ,valeur_note,commentaire) VALUES (79,25,'Normale','2025-2026',14.89,'Evaluation');
INSERT INTO COMPOSITION (id_etudiant,id_matiere,session,ann_univ,valeur_note,commentaire) VALUES (36,3,'Rattrapage','2025-2026',19.52,'Evaluation');
INSERT INTO COMPOSITION (id_etudiant,id_matiere,session,ann_univ,valeur_note,commentaire) VALUES (2,48,'Rattrapage','2025-2026',16.04,'Evaluation');
INSERT INTO COMPOSITION (id_etudiant,id_matiere,session,ann_univ,valeur_note,commentaire) VALUES (16,33,'Normale','2025-2026',12.25,'Evaluation');
INSERT INTO COMPOSITION (id_etudiant,id_matiere,session,ann_univ,valeur_note,commentaire) VALUES (60,24,'Rattrapage','2025-2026',10.38,'Evaluation');
INSERT INTO COMPOSITION (id_etudiant,id_matiere,session,ann_univ,valeur_note,commentaire) VALUES (47,21,'Normale','2025-2026',8.28,'Evaluation');
INSERT INTO COMPOSITION (id_etudiant,id_matiere,session,ann_univ,valeur_note,commentaire) VALUES (99,50,'Normale','2025-2026',12.31,'Evaluation');
INSERT INTO COMPOSITION (id_etudiant,id_matiere,session,ann_univ,valeur_note,commentaire) VALUES (11,2,'Rattrapage','2025-2026',5.94,'Evaluation');
INSERT INTO COMPOSITION (id_etudiant,id_matiere,session,ann_univ,valeur_note,commentaire) VALUES (89,10,'Rattrapage','2025-2026',10.54,'Evaluation');
INSERT INTO COMPOSITION (id_etudiant,id_matiere,session,ann_univ,valeur_note,commentaire) VALUES (68,1,'Rattrapage','2025-2026',5.64,'Evaluation');
INSERT INTO COMPOSITION (id_etudiant,id_matiere,session,ann_univ,valeur_note,commentaire) VALUES (6,4,'Rattrapage','2025-2026',8.1,'Evaluation');
INSERT INTO COMPOSITION (id_etudiant,id_matiere,session,ann_univ,valeur_note,commentaire) VALUES (1,28,'Normale','2025-2026',18.62,'Evaluation');
INSERT INTO COMPOSITION (id_etudiant,id_matiere,session,ann_univ,valeur_note,commentaire) VALUES (32,18,'Rattrapage','2025-2026',10.42,'Evaluation');
INSERT INTO COMPOSITION (id_etudiant,id_matiere,session,ann_univ,valeur_note,commentaire) VALUES (20,29,'Rattrapage','2025-2026',12.05,'Evaluation');
INSERT INTO COMPOSITION (id_etudiant,id_matiere,session,ann_univ,valeur_note,commentaire) VALUES (36,41,'Normale','2025-2026',11.82,'Evaluation');
INSERT INTO COMPOSITION (id_etudiant,id_matiere,session,ann_univ,valeur_note,commentaire) VALUES (10,26,'Normale','2025-2026',5.7,'Evaluation');
INSERT INTO COMPOSITION (id_etudiant,id_matiere,session,ann_univ,valeur_note,commentaire) VALUES (43,20,'Normale','2025-2026',19.71,'Evaluation');
INSERT INTO COMPOSITION (id_etudiant,id_matiere,session,ann_univ,valeur_note,commentaire) VALUES (31,47,'Normale','2025-2026',9.86,'Evaluation');
INSERT INTO COMPOSITION (id_etudiant,id_matiere,session,ann_univ,valeur_note,commentaire) VALUES (81,33,'Normale','2025-2026',15.56,'Evaluation');
INSERT INTO COMPOSITION (id_etudiant,id_matiere,session,ann_univ,valeur_note,commentaire) VALUES (50,13,'Normale','2025-2026',12.82,'Evaluation');
INSERT INTO COMPOSITION (id_etudiant,id_matiere,session,ann_univ,valeur_note,commentaire) VALUES (20,1,'Rattrapage','2025-2026',17.44,'Evaluation');
INSERT INTO COMPOSITION (id_etudiant,id_matiere,session,ann_univ,valeur_note,commentaire) VALUES (33,13,'Normale','2025-2026',17.52,'Evaluation');
INSERT INTO COMPOSITION (id_etudiant,id_matiere,session,ann_univ,valeur_note,commentaire) VALUES (28,10,'Rattrapage','2025-2026',8.95,'Evaluation');
INSERT INTO COMPOSITION (id_etudiant,id_matiere,session,ann_univ,valeur_note,commentaire) VALUES (18,7,'Normale','2025-2026',13.17,'Evaluation');
INSERT INTO COMPOSITION (id_etudiant,id_matiere,session,ann_univ,valeur_note,commentaire) VALUES (65,48,'Rattrapage','2025-2026',7.61,'Evaluation');
INSERT INTO COMPOSITION (id_etudiant,id_matiere,session,ann_univ,valeur_note,commentaire) VALUES (58,33,'Normale','2025-2026',14.81,'Evaluation');
INSERT INTO COMPOSITION (id_etudiant,id_matiere,session,ann_univ,valeur_note,commentaire) VALUES (5,1,'Rattrapage','2025-2026',10.48,'Evaluation');
INSERT INTO COMPOSITION (id_etudiant,id_matiere,session,ann_univ,valeur_note,commentaire) VALUES (50,31,'Normale','2025-2026',14.8,'Evaluation');
INSERT INTO COMPOSITION (id_etudiant,id_matiere,session,ann_univ,valeur_note,commentaire) VALUES (58,5,'Normale','2025-2026',17.53,'Evaluation');
INSERT INTO COMPOSITION (id_etudiant,id_matiere,session,ann_univ,valeur_note,commentaire) VALUES (10,21,'Rattrapage','2025-2026',12.75,'Evaluation');
INSERT INTO COMPOSITION (id_etudiant,id_matiere,session,ann_univ,valeur_note,commentaire) VALUES (67,19,'Normale','2025-2026',10.64,'Evaluation');
INSERT INTO COMPOSITION (id_etudiant,id_matiere,session,ann_univ,valeur_note,commentaire) VALUES (47,20,'Normale','2025-2026',18.61,'Evaluation');
INSERT INTO COMPOSITION (id_etudiant,id_matiere,session,ann_univ,valeur_note,commentaire) VALUES (27,22,'Normale','2025-2026',12.75,'Evaluation');
INSERT INTO COMPOSITION (id_etudiant,id_matiere,session,ann_univ,valeur_note,commentaire) VALUES (24,9,'Rattrapage','2025-2026',10.29,'Evaluation');
INSERT INTO COMPOSITION (id_etudiant,id_matiere,session,ann_univ,valeur_note,commentaire) VALUES (86,48,'Rattrapage','2025-2026',18.02,'Evaluation');
INSERT INTO COMPOSITION (id_etudiant,id_matiere,session,ann_univ,valeur_note,commentaire) VALUES (35,3,'Normale','2025-2026',12.3,'Evaluation');
INSERT INTO COMPOSITION (id_etudiant,id_matiere,session,ann_univ,valeur_note,commentaire) VALUES (48,44,'Rattrapage','2025-2026',12.23,'Evaluation');
INSERT INTO COMPOSITION (id_etudiant,id_matiere,session,ann_univ,valeur_note,commentaire) VALUES (70,3,'Rattrapage','2025-2026',14.06,'Evaluation');
INSERT INTO COMPOSITION (id_etudiant,id_matiere,session,ann_univ,valeur_note,commentaire) VALUES (46,30,'Normale','2025-2026',12.53,'Evaluation');
INSERT INTO COMPOSITION (id_etudiant,id_matiere,session,ann_univ,valeur_note,commentaire) VALUES (53,10,'Rattrapage','2025-2026',7.08,'Evaluation');
INSERT INTO COMPOSITION (id_etudiant,id_matiere,session,ann_univ,valeur_note,commentaire) VALUES (77,31,'Rattrapage','2025-2026',7.48,'Evaluation');
INSERT INTO COMPOSITION (id_etudiant,id_matiere,session,ann_univ,valeur_note,commentaire) VALUES (84,14,'Rattrapage','2025-2026',6.16,'Evaluation');
INSERT INTO COMPOSITION (id_etudiant,id_matiere,session,ann_univ,valeur_note,commentaire) VALUES (100,8,'Rattrapage','2025-2026',14.65,'Evaluation');
INSERT INTO COMPOSITION (id_etudiant,id_matiere,session,ann_univ,valeur_note,commentaire) VALUES (5,12,'Rattrapage','2025-2026',8.17,'Evaluation');
INSERT INTO COMPOSITION (id_etudiant,id_matiere,session,ann_univ,valeur_note,commentaire) VALUES (68,29,'Rattrapage','2025-2026',7.8,'Evaluation');
INSERT INTO COMPOSITION (id_etudiant,id_matiere,session,ann_univ,valeur_note,commentaire) VALUES (53,42,'Rattrapage','2025-2026',10.43,'Evaluation');
INSERT INTO COMPOSITION (id_etudiant,id_matiere,session,ann_univ,valeur_note,commentaire) VALUES (67,30,'Normale','2025-2026',15.76,'Evaluation');
INSERT INTO COMPOSITION (id_etudiant,id_matiere,session,ann_univ,valeur_note,commentaire) VALUES (8,18,'Normale','2025-2026',6.77,'Evaluation');
INSERT INTO COMPOSITION (id_etudiant,id_matiere,session,ann_univ,valeur_note,commentaire) VALUES (34,36,'Rattrapage','2025-2026',8.46,'Evaluation');
INSERT INTO COMPOSITION (id_etudiant,id_matiere,session,ann_univ,valeur_note,commentaire) VALUES (84,22,'Rattrapage','2025-2026',17.17,'Evaluation');
INSERT INTO COMPOSITION (id_etudiant,id_matiere,session,ann_univ,valeur_note,commentaire) VALUES (51,38,'Normale','2025-2026',15.8,'Evaluation');
INSERT INTO COMPOSITION (id_etudiant,id_matiere,session,ann_univ,valeur_note,commentaire) VALUES (64,23,'Rattrapage','2025-2026',12.22,'Evaluation');
INSERT INTO COMPOSITION (id_etudiant,id_matiere,session,ann_univ,valeur_note,commentaire) VALUES (59,33,'Rattrapage','2025-2026',12.18,'Evaluation');
INSERT INTO COMPOSITION (id_etudiant,id_matiere,session,ann_univ,valeur_note,commentaire) VALUES (26,35,'Rattrapage','2025-2026',8.16,'Evaluation');
INSERT INTO COMPOSITION (id_etudiant,id_matiere,session,ann_univ,valeur_note,commentaire) VALUES (90,37,'Rattrapage','2025-2026',7.42,'Evaluation');
INSERT INTO COMPOSITION (id_etudiant,id_matiere,session,ann_univ,valeur_note,commentaire) VALUES (78,48,'Rattrapage','2025-2026',17.5,'Evaluation');
INSERT INTO COMPOSITION (id_etudiant,id_matiere,session,ann_univ,valeur_note,commentaire) VALUES (76,35,'Normale','2025-2026',5.34,'Evaluation');
INSERT INTO COMPOSITION (id_etudiant,id_matiere,session,ann_univ,valeur_note,commentaire) VALUES (91,7,'Normale','2025-2026',5.65,'Evaluation');
INSERT INTO COMPOSITION (id_etudiant,id_matiere,session,ann_univ,valeur_note,commentaire) VALUES (71,6,'Rattrapage','2025-2026',13.6,'Evaluation');
INSERT INTO COMPOSITION (id_etudiant,id_matiere,session,ann_univ,valeur_note,commentaire) VALUES (62,5,'Rattrapage','2025-2026',7.42,'Evaluation');
INSERT INTO COMPOSITION (id_etudiant,id_matiere,session,ann_univ,valeur_note,commentaire) VALUES (44,33,'Rattrapage','2025-2026',14.44,'Evaluation');
INSERT INTO COMPOSITION (id_etudiant,id_matiere,session,ann_univ,valeur_note,commentaire) VALUES (96,27,'Normale','2025-2026',5.59,'Evaluation');
INSERT INTO COMPOSITION (id_etudiant,id_matiere,session,ann_univ,valeur_note,commentaire) VALUES (98,47,'Rattrapage','2025-2026',13.58,'Evaluation');
INSERT INTO COMPOSITION (id_etudiant,id_matiere,session,ann_univ,valeur_note,commentaire) VALUES (91,14,'Rattrapage','2025-2026',5.84,'Evaluation');
INSERT INTO COMPOSITION (id_etudiant,id_matiere,session,ann_univ,valeur_note,commentaire) VALUES (24,28,'Rattrapage','2025-2026',8.87,'Evaluation');
INSERT INTO COMPOSITION (id_etudiant,id_matiere,session,ann_univ,valeur_note,commentaire) VALUES (84,10,'Normale','2025-2026',7.7,'Evaluation');
INSERT INTO COMPOSITION (id_etudiant,id_matiere,session,ann_univ,valeur_note,commentaire) VALUES (41,16,'Rattrapage','2025-2026',19.37,'Evaluation');
INSERT INTO COMPOSITION (id_etudiant,id_matiere,session,ann_univ,valeur_note,commentaire) VALUES (59,21,'Normale','2025-2026',13.99,'Evaluation');
INSERT INTO COMPOSITION (id_etudiant,id_matiere,session,ann_univ,valeur_note,commentaire) VALUES (62,21,'Normale','2025-2026',13.45,'Evaluation');
INSERT INTO COMPOSITION (id_etudiant,id_matiere,session,ann_univ,valeur_note,commentaire) VALUES (40,36,'Rattrapage','2025-2026',5.28,'Evaluation');
INSERT INTO COMPOSITION (id_etudiant,id_matiere,session,ann_univ,valeur_note,commentaire) VALUES (22,24,'Normale','2025-2026',15.79,'Evaluation');
INSERT INTO COMPOSITION (id_etudiant,id_matiere,session,ann_univ,valeur_note,commentaire) VALUES (8,6,'Rattrapage','2025-2026',14.93,'Evaluation');
INSERT INTO COMPOSITION (id_etudiant,id_matiere,session,ann_univ,valeur_note,commentaire) VALUES (91,2,'Rattrapage','2025-2026',9.25,'Evaluation');
INSERT INTO COMPOSITION (id_etudiant,id_matiere,session,ann_univ,valeur_note,commentaire) VALUES (76,2,'Rattrapage','2025-2026',6.29,'Evaluation');
INSERT INTO COMPOSITION (id_etudiant,id_matiere,session,ann_univ,valeur_note,commentaire) VALUES (34,47,'Rattrapage','2025-2026',11.74,'Evaluation');
INSERT INTO COMPOSITION (id_etudiant,id_matiere,session,ann_univ,valeur_note,commentaire) VALUES (61,29,'Rattrapage','2025-2026',19.89,'Evaluation');
INSERT INTO COMPOSITION (id_etudiant,id_matiere,session,ann_univ,valeur_note,commentaire) VALUES (37,8,'Rattrapage','2025-2026',18.01,'Evaluation');
INSERT INTO COMPOSITION (id_etudiant,id_matiere,session,ann_univ,valeur_note,commentaire) VALUES (30,5,'Normale','2025-2026',7.56,'Evaluation');
INSERT INTO COMPOSITION (id_etudiant,id_matiere,session,ann_univ,valeur_note,commentaire) VALUES (63,3,'Normale','2025-2026',17.46,'Evaluation');
INSERT INTO COMPOSITION (id_etudiant,id_matiere,session,ann_univ,valeur_note,commentaire) VALUES (88,18,'Normale','2025-2026',14.01,'Evaluation');
INSERT INTO COMPOSITION (id_etudiant,id_matiere,session,ann_univ,valeur_note,commentaire) VALUES (29,43,'Normale','2025-2026',16.92,'Evaluation');
INSERT INTO COMPOSITION (id_etudiant,id_matiere,session,ann_univ,valeur_note,commentaire) VALUES (12,43,'Normale','2025-2026',17.31,'Evaluation');
INSERT INTO COMPOSITION (id_etudiant,id_matiere,session,ann_univ,valeur_note,commentaire) VALUES (27,16,'Normale','2025-2026',7.73,'Evaluation');
INSERT INTO COMPOSITION (id_etudiant,id_matiere,session,ann_univ,valeur_note,commentaire) VALUES (95,47,'Rattrapage','2025-2026',14.89,'Evaluation');
INSERT INTO COMPOSITION (id_etudiant,id_matiere,session,ann_univ,valeur_note,commentaire) VALUES (15,27,'Normale','2025-2026',8.97,'Evaluation');
INSERT INTO COMPOSITION (id_etudiant,id_matiere,session,ann_univ,valeur_note,commentaire) VALUES (64,39,'Rattrapage','2025-2026',15.86,'Evaluation');
INSERT INTO COMPOSITION (id_etudiant,id_matiere,session,ann_univ,valeur_note,commentaire) VALUES (50,27,'Rattrapage','2025-2026',10.14,'Evaluation');
INSERT INTO COMPOSITION (id_etudiant,id_matiere,session,ann_univ,valeur_note,commentaire) VALUES (11,31,'Normale','2025-2026',11.8,'Evaluation');
INSERT INTO COMPOSITION (id_etudiant,id_matiere,session,ann_univ,valeur_note,commentaire) VALUES (89,8,'Rattrapage','2025-2026',13.86,'Evaluation');
INSERT INTO COMPOSITION (id_etudiant,id_matiere,session,ann_univ,valeur_note,commentaire) VALUES (98,46,'Rattrapage','2025-2026',8.45,'Evaluation');
INSERT INTO COMPOSITION (id_etudiant,id_matiere,session,ann_univ,valeur_note,commentaire) VALUES (58,40,'Normale','2025-2026',10.78,'Evaluation');
INSERT INTO COMPOSITION (id_etudiant,id_matiere,session,ann_univ,valeur_note,commentaire) VALUES (27,11,'Rattrapage','2025-2026',6.63,'Evaluation');
INSERT INTO COMPOSITION (id_etudiant,id_matiere,session,ann_univ,valeur_note,commentaire) VALUES (50,6,'Normale','2025-2026',8.04,'Evaluation');
INSERT INTO COMPOSITION (id_etudiant,id_matiere,session,ann_univ,valeur_note,commentaire) VALUES (51,16,'Rattrapage','2025-2026',17.89,'Evaluation');
INSERT INTO COMPOSITION (id_etudiant,id_matiere,session,ann_univ,valeur_note,commentaire) VALUES (41,17,'Normale','2025-2026',12.57,'Evaluation');
INSERT INTO COMPOSITION (id_etudiant,id_matiere,session,ann_univ,valeur_note,commentaire) VALUES (60,14,'Rattrapage','2025-2026',11.3,'Evaluation');
INSERT INTO COMPOSITION (id_etudiant,id_matiere,session,ann_univ,valeur_note,commentaire) VALUES (73,13,'Rattrapage','2025-2026',7.24,'Evaluation');
INSERT INTO COMPOSITION (id_etudiant,id_matiere,session,ann_univ,valeur_note,commentaire) VALUES (47,24,'Rattrapage','2025-2026',6.44,'Evaluation');
INSERT INTO COMPOSITION (id_etudiant,id_matiere,session,ann_univ,valeur_note,commentaire) VALUES (73,3,'Normale','2025-2026',12.14,'Evaluation');
INSERT INTO COMPOSITION (id_etudiant,id_matiere,session,ann_univ,valeur_note,commentaire) VALUES (91,29,'Normale','2025-2026',14.22,'Evaluation');
INSERT INTO COMPOSITION (id_etudiant,id_matiere,session,ann_univ,valeur_note,commentaire) VALUES (86,45,'Normale','2025-2026',5.59,'Evaluation');
INSERT INTO COMPOSITION (id_etudiant,id_matiere,session,ann_univ,valeur_note,commentaire) VALUES (86,32,'Rattrapage','2025-2026',16.76,'Evaluation');
INSERT INTO COMPOSITION (id_etudiant,id_matiere,session,ann_univ,valeur_note,commentaire) VALUES (6,31,'Rattrapage','2025-2026',12.55,'Evaluation');
INSERT INTO COMPOSITION (id_etudiant,id_matiere,session,ann_univ,valeur_note,commentaire) VALUES (66,32,'Rattrapage','2025-2026',6.76,'Evaluation');
INSERT INTO COMPOSITION (id_etudiant,id_matiere,session,ann_univ,valeur_note,commentaire) VALUES (12,26,'Normale','2025-2026',12.23,'Evaluation');
INSERT INTO COMPOSITION (id_etudiant,id_matiere,session,ann_univ,valeur_note,commentaire) VALUES (83,20,'Rattrapage','2025-2026',6.95,'Evaluation');
INSERT INTO COMPOSITION (id_etudiant,id_matiere,session,ann_univ,valeur_note,commentaire) VALUES (37,23,'Normale','2025-2026',14.05,'Evaluation');
INSERT INTO COMPOSITION (id_etudiant,id_matiere,session,ann_univ,valeur_note,commentaire) VALUES (55,33,'Rattrapage','2025-2026',17.41,'Evaluation');
INSERT INTO COMPOSITION (id_etudiant,id_matiere,session,ann_univ,valeur_note,commentaire) VALUES (52,33,'Rattrapage','2025-2026',18.45,'Evaluation');
INSERT INTO COMPOSITION (id_etudiant,id_matiere,session,ann_univ,valeur_note,commentaire) VALUES (14,14,'Normale','2025-2026',16.62,'Evaluation');
INSERT INTO COMPOSITION (id_etudiant,id_matiere,session,ann_univ,valeur_note,commentaire) VALUES (84,20,'Normale','2025-2026',14.74,'Evaluation');
INSERT INTO COMPOSITION (id_etudiant,id_matiere,session,ann_univ,valeur_note,commentaire) VALUES (58,39,'Normale','2025-2026',12.83,'Evaluation');
INSERT INTO COMPOSITION (id_etudiant,id_matiere,session,ann_univ,valeur_note,commentaire) VALUES (28,6,'Normale','2025-2026',10.56,'Evaluation');
INSERT INTO COMPOSITION (id_etudiant,id_matiere,session,ann_univ,valeur_note,commentaire) VALUES (17,6,'Rattrapage','2025-2026',5.65,'Evaluation');
INSERT INTO COMPOSITION (id_etudiant,id_matiere,session,ann_univ,valeur_note,commentaire) VALUES (21,47,'Rattrapage','2025-2026',12.95,'Evaluation');
INSERT INTO COMPOSITION (id_etudiant,id_matiere,session,ann_univ,valeur_note,commentaire) VALUES (48,24,'Rattrapage','2025-2026',8.44,'Evaluation');
INSERT INTO COMPOSITION (id_etudiant,id_matiere,session,ann_univ,valeur_note,commentaire) VALUES (14,21,'Rattrapage','2025-2026',17.03,'Evaluation');
INSERT INTO COMPOSITION (id_etudiant,id_matiere,session,ann_univ,valeur_note,commentaire) VALUES (7,4,'Rattrapage','2025-2026',16.84,'Evaluation');
INSERT INTO COMPOSITION (id_etudiant,id_matiere,session,ann_univ,valeur_note,commentaire) VALUES (23,35,'Rattrapage','2025-2026',10.72,'Evaluation');
INSERT INTO COMPOSITION (id_etudiant,id_matiere,session,ann_univ,valeur_note,commentaire) VALUES (68,8,'Normale','2025-2026',13.84,'Evaluation');
INSERT INTO COMPOSITION (id_etudiant,id_matiere,session,ann_univ,valeur_note,commentaire) VALUES (53,44,'Rattrapage','2025-2026',16.12,'Evaluation');
INSERT INTO COMPOSITION (id_etudiant,id_matiere,session,ann_univ,valeur_note,commentaire) VALUES (87,9,'Rattrapage','2025-2026',16.42,'Evaluation');
INSERT INTO COMPOSITION (id_etudiant,id_matiere,session,ann_univ,valeur_note,commentaire) VALUES (20,30,'Rattrapage','2025-2026',15.45,'Evaluation');
INSERT INTO COMPOSITION (id_etudiant,id_matiere,session,ann_univ,valeur_note,commentaire) VALUES (58,24,'Normale','2025-2026',6.47,'Evaluation');
INSERT INTO COMPOSITION (id_etudiant,id_matiere,session,ann_univ,valeur_note,commentaire) VALUES (96,31,'Rattrapage','2025-2026',7.01,'Evaluation');
INSERT INTO COMPOSITION (id_etudiant,id_matiere,session,ann_univ,valeur_note,commentaire) VALUES (65,3,'Normale','2025-2026',12.16,'Evaluation');
INSERT INTO COMPOSITION (id_etudiant,id_matiere,session,ann_univ,valeur_note,commentaire) VALUES (17,36,'Normale','2025-2026',8.49,'Evaluation');
INSERT INTO COMPOSITION (id_etudiant,id_matiere,session,ann_univ,valeur_note,commentaire) VALUES (71,42,'Rattrapage','2025-2026',17.89,'Evaluation');
INSERT INTO COMPOSITION (id_etudiant,id_matiere,session,ann_univ,valeur_note,commentaire) VALUES (10,24,'Rattrapage','2025-2026',9.25,'Evaluation');
INSERT INTO COMPOSITION (id_etudiant,id_matiere,session,ann_univ,valeur_note,commentaire) VALUES (39,1,'Rattrapage','2025-2026',18.15,'Evaluation');
INSERT INTO COMPOSITION (id_etudiant,id_matiere,session,ann_univ,valeur_note,commentaire) VALUES (93,4,'Rattrapage','2025-2026',11.13,'Evaluation');
INSERT INTO COMPOSITION (id_etudiant,id_matiere,session,ann_univ,valeur_note,commentaire) VALUES (88,43,'Normale','2025-2026',7.84,'Evaluation');
INSERT INTO COMPOSITION (id_etudiant,id_matiere,session,ann_univ,valeur_note,commentaire) VALUES (94,42,'Normale','2025-2026',15.64,'Evaluation');
INSERT INTO COMPOSITION (id_etudiant,id_matiere,session,ann_univ,valeur_note,commentaire) VALUES (13,30,'Normale','2025-2026',16.84,'Evaluation');
INSERT INTO COMPOSITION (id_etudiant,id_matiere,session,ann_univ,valeur_note,commentaire) VALUES (23,23,'Normale','2025-2026',13.67,'Evaluation');
INSERT INTO COMPOSITION (id_etudiant,id_matiere,session,ann_univ,valeur_note,commentaire) VALUES (26,41,'Normale','2025-2026',6.77,'Evaluation');
INSERT INTO COMPOSITION (id_etudiant,id_matiere,session,ann_univ,valeur_note,commentaire) VALUES (32,45,'Normale','2025-2026',5.11,'Evaluation');
INSERT INTO COMPOSITION (id_etudiant,id_matiere,session,ann_univ,valeur_note,commentaire) VALUES (43,15,'Rattrapage','2025-2026',14.82,'Evaluation');
INSERT INTO COMPOSITION (id_etudiant,id_matiere,session,ann_univ,valeur_note,commentaire) VALUES (94,30,'Normale','2025-2026',15.32,'Evaluation');
INSERT INTO COMPOSITION (id_etudiant,id_matiere,session,ann_univ,valeur_note,commentaire) VALUES (13,39,'Normale','2025-2026',9.74,'Evaluation');
INSERT INTO COMPOSITION (id_etudiant,id_matiere,session,ann_univ,valeur_note,commentaire) VALUES (46,33,'Normale','2025-2026',10.43,'Evaluation');
INSERT INTO COMPOSITION (id_etudiant,id_matiere,session,ann_univ,valeur_note,commentaire) VALUES (93,36,'Normale','2025-2026',7.32,'Evaluation');
INSERT INTO COMPOSITION (id_etudiant,id_matiere,session,ann_univ,valeur_note,commentaire) VALUES (27,48,'Rattrapage','2025-2026',14.77,'Evaluation');
INSERT INTO COMPOSITION (id_etudiant,id_matiere,session,ann_univ,valeur_note,commentaire) VALUES (24,48,'Rattrapage','2025-2026',8.8,'Evaluation');
INSERT INTO COMPOSITION (id_etudiant,id_matiere,session,ann_univ,valeur_note,commentaire) VALUES (65,4,'Normale','2025-2026',17.82,'Evaluation');
INSERT INTO COMPOSITION (id_etudiant,id_matiere,session,ann_univ,valeur_note,commentaire) VALUES (81,35,'Normale','2025-2026',11.35,'Evaluation');
INSERT INTO COMPOSITION (id_etudiant,id_matiere,session,ann_univ,valeur_note,commentaire) VALUES (40,31,'Normale','2025-2026',10.48,'Evaluation');
INSERT INTO COMPOSITION (id_etudiant,id_matiere,session,ann_univ,valeur_note,commentaire) VALUES (87,20,'Rattrapage','2025-2026',9.13,'Evaluation');
INSERT INTO COMPOSITION (id_etudiant,id_matiere,session,ann_univ,valeur_note,commentaire) VALUES (37,44,'Rattrapage','2025-2026',15.21,'Evaluation');
INSERT INTO COMPOSITION (id_etudiant,id_matiere,session,ann_univ,valeur_note,commentaire) VALUES (23,8,'Normale','2025-2026',16.32,'Evaluation');
INSERT INTO COMPOSITION (id_etudiant,id_matiere,session,ann_univ,valeur_note,commentaire) VALUES (71,25,'Rattrapage','2025-2026',11.2,'Evaluation');
INSERT INTO COMPOSITION (id_etudiant,id_matiere,session,ann_univ,valeur_note,commentaire) VALUES (22,42,'Normale','2025-2026',16.76,'Evaluation');
INSERT INTO COMPOSITION (id_etudiant,id_matiere,session,ann_univ,valeur_note,commentaire) VALUES (90,40,'Rattrapage','2025-2026',12.24,'Evaluation');
INSERT INTO COMPOSITION (id_etudiant,id_matiere,session,ann_univ,valeur_note,commentaire) VALUES (57,42,'Rattrapage','2025-2026',10.55,'Evaluation');
INSERT INTO COMPOSITION (id_etudiant,id_matiere,session,ann_univ,valeur_note,commentaire) VALUES (42,16,'Normale','2025-2026',13.32,'Evaluation');
INSERT INTO COMPOSITION (id_etudiant,id_matiere,session,ann_univ,valeur_note,commentaire) VALUES (76,20,'Rattrapage','2025-2026',8.81,'Evaluation');
INSERT INTO COMPOSITION (id_etudiant,id_matiere,session,ann_univ,valeur_note,commentaire) VALUES (5,19,'Normale','2025-2026',9.6,'Evaluation');
INSERT INTO COMPOSITION (id_etudiant,id_matiere,session,ann_univ,valeur_note,commentaire) VALUES (40,26,'Rattrapage','2025-2026',10.17,'Evaluation');
INSERT INTO COMPOSITION (id_etudiant,id_matiere,session,ann_univ,valeur_note,commentaire) VALUES (36,27,'Rattrapage','2025-2026',15.58,'Evaluation');
INSERT INTO COMPOSITION (id_etudiant,id_matiere,session,ann_univ,valeur_note,commentaire) VALUES (59,8,'Rattrapage','2025-2026',16.04,'Evaluation');
INSERT INTO COMPOSITION (id_etudiant,id_matiere,session,ann_univ,valeur_note,commentaire) VALUES (11,33,'Normale','2025-2026',17.82,'Evaluation');
INSERT INTO COMPOSITION (id_etudiant,id_matiere,session,ann_univ,valeur_note,commentaire) VALUES (99,7,'Normale','2025-2026',14.89,'Evaluation');
INSERT INTO COMPOSITION (id_etudiant,id_matiere,session,ann_univ,valeur_note,commentaire) VALUES (18,50,'Normale','2025-2026',16.22,'Evaluation');
INSERT INTO COMPOSITION (id_etudiant,id_matiere,session,ann_univ,valeur_note,commentaire) VALUES (1,32,'Rattrapage','2025-2026',11.7,'Evaluation');
INSERT INTO COMPOSITION (id_etudiant,id_matiere,session,ann_univ,valeur_note,commentaire) VALUES (88,33,'Rattrapage','2025-2026',15.49,'Evaluation');
INSERT INTO COMPOSITION (id_etudiant,id_matiere,session,ann_univ,valeur_note,commentaire) VALUES (53,45,'Rattrapage','2025-2026',7.43,'Evaluation');
INSERT INTO COMPOSITION (id_etudiant,id_matiere,session,ann_univ,valeur_note,commentaire) VALUES (53,8,'Rattrapage','2025-2026',8.22,'Evaluation');
INSERT INTO COMPOSITION (id_etudiant,id_matiere,session,ann_univ,valeur_note,commentaire) VALUES (98,18,'Normale','2025-2026',11.01,'Evaluation');
INSERT INTO COMPOSITION (id_etudiant,id_matiere,session,ann_univ,valeur_note,commentaire) VALUES (60,50,'Rattrapage','2025-2026',10.08,'Evaluation');
INSERT INTO COMPOSITION (id_etudiant,id_matiere,session,ann_univ,valeur_note,commentaire) VALUES (91,5,'Rattrapage','2025-2026',13.26,'Evaluation');
INSERT INTO COMPOSITION (id_etudiant,id_matiere,session,ann_univ,valeur_note,commentaire) VALUES (31,32,'Normale','2025-2026',15.46,'Evaluation');
INSERT INTO COMPOSITION (id_etudiant,id_matiere,session,ann_univ,valeur_note,commentaire) VALUES (2,14,'Rattrapage','2025-2026',15.6,'Evaluation');
INSERT INTO COMPOSITION (id_etudiant,id_matiere,session,ann_univ,valeur_note,commentaire) VALUES (9,10,'Normale','2025-2026',7.41,'Evaluation');
INSERT INTO COMPOSITION (id_etudiant,id_matiere,session,ann_univ,valeur_note,commentaire) VALUES (92,6,'Normale','2025-2026',19.47,'Evaluation');
INSERT INTO COMPOSITION (id_etudiant,id_matiere,session,ann_univ,valeur_note,commentaire) VALUES (83,17,'Normale','2025-2026',5.08,'Evaluation');
INSERT INTO COMPOSITION (id_etudiant,id_matiere,session,ann_univ,valeur_note,commentaire) VALUES (34,50,'Rattrapage','2025-2026',6.37,'Evaluation');
INSERT INTO COMPOSITION (id_etudiant,id_matiere,session,ann_univ,valeur_note,commentaire) VALUES (85,19,'Rattrapage','2025-2026',7.18,'Evaluation');
INSERT INTO COMPOSITION (id_etudiant,id_matiere,session,ann_univ,valeur_note,commentaire) VALUES (24,35,'Normale','2025-2026',18.89,'Evaluation');
INSERT INTO COMPOSITION (id_etudiant,id_matiere,session,ann_univ,valeur_note,commentaire) VALUES (32,44,'Rattrapage','2025-2026',11.53,'Evaluation');
INSERT INTO COMPOSITION (id_etudiant,id_matiere,session,ann_univ,valeur_note,commentaire) VALUES (89,4,'Normale','2025-2026',5.96,'Evaluation');
INSERT INTO COMPOSITION (id_etudiant,id_matiere,session,ann_univ,valeur_note,commentaire) VALUES (32,28,'Rattrapage','2025-2026',8.33,'Evaluation');
INSERT INTO COMPOSITION (id_etudiant,id_matiere,session,ann_univ,valeur_note,commentaire) VALUES (48,40,'Normale','2025-2026',6.2,'Evaluation');
INSERT INTO COMPOSITION (id_etudiant,id_matiere,session,ann_univ,valeur_note,commentaire) VALUES (12,33,'Rattrapage','2025-2026',5.57,'Evaluation');
INSERT INTO COMPOSITION (id_etudiant,id_matiere,session,ann_univ,valeur_note,commentaire) VALUES (50,49,'Normale','2025-2026',10.76,'Evaluation');
INSERT INTO COMPOSITION (id_etudiant,id_matiere,session,ann_univ,valeur_note,commentaire) VALUES (91,9,'Normale','2025-2026',19.77,'Evaluation');
INSERT INTO COMPOSITION (id_etudiant,id_matiere,session,ann_univ,valeur_note,commentaire) VALUES (60,38,'Normale','2025-2026',14.21,'Evaluation');
INSERT INTO COMPOSITION (id_etudiant,id_matiere,session,ann_univ,valeur_note,commentaire) VALUES (78,50,'Rattrapage','2025-2026',12.82,'Evaluation');
INSERT INTO COMPOSITION (id_etudiant,id_matiere,session,ann_univ,valeur_note,commentaire) VALUES (35,5,'Rattrapage','2025-2026',15.67,'Evaluation');
INSERT INTO COMPOSITION (id_etudiant,id_matiere,session,ann_univ,valeur_note,commentaire) VALUES (12,46,'Normale','2025-2026',13.96,'Evaluation');
INSERT INTO COMPOSITION (id_etudiant,id_matiere,session,ann_univ,valeur_note,commentaire) VALUES (73,37,'Normale','2025-2026',19.19,'Evaluation');
INSERT INTO COMPOSITION (id_etudiant,id_matiere,session,ann_univ,valeur_note,commentaire) VALUES (92,38,'Rattrapage','2025-2026',17.3,'Evaluation');
INSERT INTO COMPOSITION (id_etudiant,id_matiere,session,ann_univ,valeur_note,commentaire) VALUES (64,30,'Rattrapage','2025-2026',14.6,'Evaluation');
INSERT INTO COMPOSITION (id_etudiant,id_matiere,session,ann_univ,valeur_note,commentaire) VALUES (26,7,'Normale','2025-2026',11.58,'Evaluation');
INSERT INTO COMPOSITION (id_etudiant,id_matiere,session,ann_univ,valeur_note,commentaire) VALUES (80,45,'Rattrapage','2025-2026',8.03,'Evaluation');
INSERT INTO COMPOSITION (id_etudiant,id_matiere,session,ann_univ,valeur_note,commentaire) VALUES (68,6,'Rattrapage','2025-2026',14.85,'Evaluation');
INSERT INTO COMPOSITION (id_etudiant,id_matiere,session,ann_univ,valeur_note,commentaire) VALUES (6,46,'Normale','2025-2026',17.06,'Evaluation');
INSERT INTO COMPOSITION (id_etudiant,id_matiere,session,ann_univ,valeur_note,commentaire) VALUES (92,10,'Rattrapage','2025-2026',9.29,'Evaluation');
INSERT INTO COMPOSITION (id_etudiant,id_matiere,session,ann_univ,valeur_note,commentaire) VALUES (15,44,'Normale','2025-2026',5.5,'Evaluation');
INSERT INTO COMPOSITION (id_etudiant,id_matiere,session,ann_univ,valeur_note,commentaire) VALUES (93,45,'Normale','2025-2026',13.99,'Evaluation');
INSERT INTO COMPOSITION (id_etudiant,id_matiere,session,ann_univ,valeur_note,commentaire) VALUES (62,7,'Normale','2025-2026',12.74,'Evaluation');
INSERT INTO COMPOSITION (id_etudiant,id_matiere,session,ann_univ,valeur_note,commentaire) VALUES (24,39,'Rattrapage','2025-2026',8.48,'Evaluation');
INSERT INTO COMPOSITION (id_etudiant,id_matiere,session,ann_univ,valeur_note,commentaire) VALUES (50,16,'Rattrapage','2025-2026',7.54,'Evaluation');
INSERT INTO COMPOSITION (id_etudiant,id_matiere,session,ann_univ,valeur_note,commentaire) VALUES (82,30,'Rattrapage','2025-2026',5.54,'Evaluation');
INSERT INTO COMPOSITION (id_etudiant,id_matiere,session,ann_univ,valeur_note,commentaire) VALUES (73,4,'Rattrapage','2025-2026',8.59,'Evaluation');
INSERT INTO COMPOSITION (id_etudiant,id_matiere,session,ann_univ,valeur_note,commentaire) VALUES (52,29,'Normale','2025-2026',5.0,'Evaluation');
INSERT INTO COMPOSITION (id_etudiant,id_matiere,session,ann_univ,valeur_note,commentaire) VALUES (4,12,'Rattrapage','2025-2026',7.36,'Evaluation');
INSERT INTO COMPOSITION (id_etudiant,id_matiere,session,ann_univ,valeur_note,commentaire) VALUES (58,38,'Rattrapage','2025-2026',19.95,'Evaluation');
INSERT INTO COMPOSITION (id_etudiant,id_matiere,session,ann_univ,valeur_note,commentaire) VALUES (88,20,'Normale','2025-2026',16.7,'Evaluation');
INSERT INTO COMPOSITION (id_etudiant,id_matiere,session,ann_univ,valeur_note,commentaire) VALUES (79,31,'Normale','2025-2026',10.3,'Evaluation');
INSERT INTO COMPOSITION (id_etudiant,id_matiere,session,ann_univ,valeur_note,commentaire) VALUES (51,23,'Normale','2025-2026',10.93,'Evaluation');
INSERT INTO COMPOSITION (id_etudiant,id_matiere,session,ann_univ,valeur_note,commentaire) VALUES (53,36,'Rattrapage','2025-2026',13.79,'Evaluation');
INSERT INTO COMPOSITION (id_etudiant,id_matiere,session,ann_univ,valeur_note,commentaire) VALUES (64,41,'Rattrapage','2025-2026',12.77,'Evaluation');
INSERT INTO COMPOSITION (id_etudiant,id_matiere,session,ann_univ,valeur_note,commentaire) VALUES (67,24,'Rattrapage','2025-2026',16.05,'Evaluation');
INSERT INTO COMPOSITION (id_etudiant,id_matiere,session,ann_univ,valeur_note,commentaire) VALUES (99,38,'Rattrapage','2025-2026',6.03,'Evaluation');
INSERT INTO COMPOSITION (id_etudiant,id_matiere,session,ann_univ,valeur_note,commentaire) VALUES (35,32,'Normale','2025-2026',6.35,'Evaluation');
INSERT INTO COMPOSITION (id_etudiant,id_matiere,session,ann_univ,valeur_note,commentaire) VALUES (92,21,'Rattrapage','2025-2026',9.27,'Evaluation');
INSERT INTO COMPOSITION (id_etudiant,id_matiere,session,ann_univ,valeur_note,commentaire) VALUES (31,19,'Rattrapage','2025-2026',17.45,'Evaluation');
INSERT INTO COMPOSITION (id_etudiant,id_matiere,session,ann_univ,valeur_note,commentaire) VALUES (50,1,'Rattrapage','2025-2026',18.73,'Evaluation');
INSERT INTO COMPOSITION (id_etudiant,id_matiere,session,ann_univ,valeur_note,commentaire) VALUES (64,3,'Normale','2025-2026',10.22,'Evaluation');
INSERT INTO COMPOSITION (id_etudiant,id_matiere,session,ann_univ,valeur_note,commentaire) VALUES (30,48,'Normale','2025-2026',19.45,'Evaluation');
INSERT INTO COMPOSITION (id_etudiant,id_matiere,session,ann_univ,valeur_note,commentaire) VALUES (99,6,'Normale','2025-2026',9.15,'Evaluation');
INSERT INTO COMPOSITION (id_etudiant,id_matiere,session,ann_univ,valeur_note,commentaire) VALUES (96,49,'Rattrapage','2025-2026',14.1,'Evaluation');
INSERT INTO COMPOSITION (id_etudiant,id_matiere,session,ann_univ,valeur_note,commentaire) VALUES (23,15,'Normale','2025-2026',7.92,'Evaluation');
INSERT INTO COMPOSITION (id_etudiant,id_matiere,session,ann_univ,valeur_note,commentaire) VALUES (75,7,'Normale','2025-2026',18.95,'Evaluation');
INSERT INTO COMPOSITION (id_etudiant,id_matiere,session,ann_univ,valeur_note,commentaire) VALUES (58,1,'Rattrapage','2025-2026',13.62,'Evaluation');
INSERT INTO COMPOSITION (id_etudiant,id_matiere,session,ann_univ,valeur_note,commentaire) VALUES (92,37,'Normale','2025-2026',8.92,'Evaluation');
INSERT INTO COMPOSITION (id_etudiant,id_matiere,session,ann_univ,valeur_note,commentaire) VALUES (93,10,'Rattrapage','2025-2026',11.11,'Evaluation');
INSERT INTO COMPOSITION (id_etudiant,id_matiere,session,ann_univ,valeur_note,commentaire) VALUES (6,15,'Rattrapage','2025-2026',6.6,'Evaluation');
INSERT INTO COMPOSITION (id_etudiant,id_matiere,session,ann_univ,valeur_note,commentaire) VALUES (19,9,'Normale','2025-2026',6.09,'Evaluation');
INSERT INTO COMPOSITION (id_etudiant,id_matiere,session,ann_univ,valeur_note,commentaire) VALUES (10,20,'Normale','2025-2026',9.41,'Evaluation');
INSERT INTO COMPOSITION (id_etudiant,id_matiere,session,ann_univ,valeur_note,commentaire) VALUES (43,14,'Normale','2025-2026',19.21,'Evaluation');
INSERT INTO COMPOSITION (id_etudiant,id_matiere,session,ann_univ,valeur_note,commentaire) VALUES (53,17,'Rattrapage','2025-2026',17.04,'Evaluation');
INSERT INTO COMPOSITION (id_etudiant,id_matiere,session,ann_univ,valeur_note,commentaire) VALUES (82,13,'Rattrapage','2025-2026',19.35,'Evaluation');
INSERT INTO COMPOSITION (id_etudiant,id_matiere,session,ann_univ,valeur_note,commentaire) VALUES (100,47,'Normale','2025-2026',18.14,'Evaluation');
INSERT INTO COMPOSITION (id_etudiant,id_matiere,session,ann_univ,valeur_note,commentaire) VALUES (20,39,'Normale','2025-2026',17.2,'Evaluation');
INSERT INTO COMPOSITION (id_etudiant,id_matiere,session,ann_univ,valeur_note,commentaire) VALUES (17,39,'Normale','2025-2026',13.62,'Evaluation');
INSERT INTO COMPOSITION (id_etudiant,id_matiere,session,ann_univ,valeur_note,commentaire) VALUES (91,40,'Rattrapage','2025-2026',15.41,'Evaluation');
INSERT INTO COMPOSITION (id_etudiant,id_matiere,session,ann_univ,valeur_note,commentaire) VALUES (83,43,'Rattrapage','2025-2026',19.49,'Evaluation');
INSERT INTO COMPOSITION (id_etudiant,id_matiere,session,ann_univ,valeur_note,commentaire) VALUES (14,28,'Normale','2025-2026',13.45,'Evaluation');
INSERT INTO COMPOSITION (id_etudiant,id_matiere,session,ann_univ,valeur_note,commentaire) VALUES (11,47,'Rattrapage','2025-2026',16.55,'Evaluation');
INSERT INTO COMPOSITION (id_etudiant,id_matiere,session,ann_univ,valeur_note,commentaire) VALUES (26,42,'Rattrapage','2025-2026',16.36,'Evaluation');
INSERT INTO COMPOSITION (id_etudiant,id_matiere,session,ann_univ,valeur_note,commentaire) VALUES (97,33,'Normale','2025-2026',19.42,'Evaluation');
INSERT INTO COMPOSITION (id_etudiant,id_matiere,session,ann_univ,valeur_note,commentaire) VALUES (67,39,'Normale','2025-2026',11.88,'Evaluation');
INSERT INTO COMPOSITION (id_etudiant,id_matiere,session,ann_univ,valeur_note,commentaire) VALUES (94,5,'Normale','2025-2026',11.91,'Evaluation');
INSERT INTO COMPOSITION (id_etudiant,id_matiere,session,ann_univ,valeur_note,commentaire) VALUES (38,37,'Rattrapage','2025-2026',13.8,'Evaluation');
INSERT INTO COMPOSITION (id_etudiant,id_matiere,session,ann_univ,valeur_note,commentaire) VALUES (5,37,'Normale','2025-2026',5.41,'Evaluation');
INSERT INTO COMPOSITION (id_etudiant,id_matiere,session,ann_univ,valeur_note,commentaire) VALUES (43,50,'Normale','2025-2026',6.74,'Evaluation');
INSERT INTO COMPOSITION (id_etudiant,id_matiere,session,ann_univ,valeur_note,commentaire) VALUES (22,45,'Rattrapage','2025-2026',6.01,'Evaluation');
INSERT INTO COMPOSITION (id_etudiant,id_matiere,session,ann_univ,valeur_note,commentaire) VALUES (73,44,'Normale','2025-2026',14.5,'Evaluation');
INSERT INTO COMPOSITION (id_etudiant,id_matiere,session,ann_univ,valeur_note,commentaire) VALUES (31,24,'Normale','2025-2026',19.91,'Evaluation');
INSERT INTO COMPOSITION (id_etudiant,id_matiere,session,ann_univ,valeur_note,commentaire) VALUES (95,10,'Normale','2025-2026',15.15,'Evaluation');
INSERT INTO COMPOSITION (id_etudiant,id_matiere,session,ann_univ,valeur_note,commentaire) VALUES (5,9,'Normale','2025-2026',8.45,'Evaluation');
INSERT INTO COMPOSITION (id_etudiant,id_matiere,session,ann_univ,valeur_note,commentaire) VALUES (21,7,'Normale','2025-2026',9.74,'Evaluation');